[{"parkid": 1, "name": "Arbutus Village Park", "official": 1, "advisories": "N", "specialfeatures": "N", "facilities": "Y", "washrooms": "N", "streetnumber": "4202", "streetname": "Valley Drive", "ewstreet": "King Edward Avenue", "nsstreet": "Valley Drive", "neighbourhoodname": "Arbutus-Ridge", "neighbourhoodurl": "https://vancouver.ca/news-calendar/arbutus-ridge.aspx", "hectare": 1.41, "googlemapdest": {"lon": -123.15525, "lat": 49.249783}},{"parkid": 4, "name": "Park Site on Puget Drive", "official": 0, "advisories": "N", "specialfeatures": "N", "facilities": "N", "washrooms": "N", "streetnumber": "4309", "streetname": "Puget Drive", "ewstreet": "Puget Drive", "nsstreet": "MacDonald Street", "neighbourhoodname": "Arbutus-Ridge", "neighbourhoodurl": "https://vancouver.ca/news-calendar/arbutus-ridge.aspx", "hectare": 0.09, "googlemapdest": {"lon": -123.168194, "lat": 49.247723}},{"parkid": 10, "name": "Andy Livingstone Park", "official": 1, "advisories": "N", "specialfeatures": "N", "facilities": "Y", "washrooms": "Y", "streetnumber": "89", "streetname": "Expo Boulevard", "ewstreet": "Expo Boulevard", "nsstreet": "Carrall Street", "neighbourhoodname": "Downtown", "neighbourhoodurl": "https://vancouver.ca/news-calendar/downtown.aspx", "hectare": 4.21, "googlemapdest": {"lon": -123.1055, "lat": 49.278923}},{"parkid": 14, "name": "Coopers' Park", "official": 1, "advisories": "N", "specialfeatures": "Y", "facilities": "Y", "washrooms": "N", "streetnumber": "1020", "streetname": "Marinaside Crescent", "ewstreet": "Nelson Street", "nsstreet": "Marinaside Crescent", "neighbourhoodname": "Downtown", "neighbourhoodurl": "https://vancouver.ca/news-calendar/downtown.aspx", "hectare": 1.71, "googlemapdest": {"lon": -123.1139, "lat": 49.273253}},{"parkid": 18, "name": "Devonian Harbour Park", "official": 1, "advisories": "N", "specialfeatures": "Y", "facilities": "Y", "washrooms": "N", "streetnumber": "1929", "streetname": "W Georgia Street", "ewstreet": "W Georgia Street", "nsstreet": "Denman Street", "neighbourhoodname": "Downtown", "neighbourhoodurl": "https://vancouver.ca/news-calendar/downtown.aspx", "hectare": 4.42, "googlemapdest": {"lon": -123.134654, "lat": 49.294353}},{"parkid": 19, "name": "Art Phillips Park", "official": 1, "advisories": "N", "specialfeatures": "N", "facilities": "N", "washrooms": "N", "streetnumber": "625", "streetname": "Burrard Street", "ewstreet": "Melville Street", "nsstreet": "Burrard Street", "neighbourhoodname": "Downtown", "neighbourhoodurl": "https://vancouver.ca/news-calendar/downtown.aspx", "hectare": 0.1, "googlemapdest": {"lon": -123.120948, "lat": 49.285911}},{"parkid": 23, "name": "Helmcken Park", "official": 1, "advisories": "N", "specialfeatures": "N", "facilities": "N", "washrooms": "N", "streetnumber": "1103", "streetname": "Pacific Boulevard", "ewstreet": "Helmcken Street", "nsstreet": "Pacific Boulevard", "neighbourhoodname": "Downtown", "neighbourhoodurl": "https://vancouver.ca/news-calendar/downtown.aspx", "hectare": 0.17, "googlemapdest": {"lon": -123.119555, "lat": 49.274814}},{"parkid": 25, "name": "May & Lorne Brown Park", "official": 1, "advisories": "N", "specialfeatures": "N", "facilities": "N", "washrooms": "N", "streetnumber": "801", "streetname": "Beach Avenue", "ewstreet": "Beach Avenue", "nsstreet": "Hornby Street", "neighbourhoodname": "Downtown", "neighbourhoodurl": "https://vancouver.ca/news-calendar/downtown.aspx", "hectare": 0.25, "googlemapdest": {"lon": -123.132046, "lat": 49.275188}},{"parkid": 37, "name": "Chaldecott Park", "official": 1, "advisories": "N", "specialfeatures": "N", "facilities": "Y", "washrooms": "Y", "streetnumber": "4175", "streetname": "Wallace Street", "ewstreet": "King Edward Avenue", "nsstreet": "Wallace Street", "neighbourhoodname": "Dunbar-Southlands", "neighbourhoodurl": "https://vancouver.ca/news-calendar/dunbar-southlands.aspx", "hectare": 3.45, "googlemapdest": {"lon": -123.192177, "lat": 49.249092}},{"parkid": 42, "name": "Valdez Park", "official": 1, "advisories": "N", "specialfeatures": "N", "facilities": "Y", "washrooms": "N", "streetnumber": "3210", "streetname": "W 22nd Avenue", "ewstreet": "W 22nd Avenue", "nsstreet": "Balaclava Street", "neighbourhoodname": "Dunbar-Southlands", "neighbourhoodurl": "https://vancouver.ca/news-calendar/dunbar-southlands.aspx", "hectare": 0.77, "googlemapdest": {"lon": -123.1764, "lat": 49.252391}},{"parkid": 45, "name": "Granville Loop Park", "official": 0, "advisories": "N", "specialfeatures": "N", "facilities": "Y", "washrooms": "N", "streetnumber": "1435", "streetname": "W 5th Avenue", "ewstreet": "W 5th Avenue", "nsstreet": "Granville Street", "neighbourhoodname": "Fairview", "neighbourhoodurl": "https://vancouver.ca/news-calendar/fairview.aspx", "hectare": 1.05, "googlemapdest": {"lon": -123.13754, "lat": 49.267284}},{"parkid": 48, "name": "Willow Park", "official": 1, "advisories": "N", "specialfeatures": "N", "facilities": "N", "washrooms": "N", "streetnumber": "802", "streetname": "W 7th Avenue", "ewstreet": "W 7th Avenue", "nsstreet": "Willow Street", "neighbourhoodname": "Fairview", "neighbourhoodurl": "https://vancouver.ca/news-calendar/fairview.aspx", "hectare": 0.07, "googlemapdest": {"lon": -123.122031, "lat": 49.264868}},{"parkid": 49, "name": "Alice Townley Park", "official": 1, "advisories": "N", "specialfeatures": "N", "facilities": "N", "washrooms": "N", "streetnumber": "1775", "streetname": "Woodland Drive", "ewstreet": "E 2nd Avenue", "nsstreet": "Woodland Drive", "neighbourhoodname": "Grandview-Woodland", "neighbourhoodurl": "https://vancouver.ca/news-calendar/grandview-woodland.aspx", "hectare": 0.22, "googlemapdest": {"lon": -123.073923, "lat": 49.268974}},{"parkid": 51, "name": "Garden Park", "official": 1, "advisories": "N", "specialfeatures": "N", "facilities": "Y", "washrooms": "Y", "streetnumber": "1851", "streetname": "Garden Drive", "ewstreet": "E 3rd Avenue", "nsstreet": "Garden Drive", "neighbourhoodname": "Grandview-Woodland", "neighbourhoodurl": "https://vancouver.ca/news-calendar/grandview-woodland.aspx", "hectare": 0.97, "googlemapdest": {"lon": -123.058994, "lat": 49.268159}},{"parkid": 55, "name": "Mosaic Creek Park", "official": 1, "advisories": "N", "specialfeatures": "N", "facilities": "N", "washrooms": "N", "streetnumber": "1475", "streetname": "Charles Street", "ewstreet": "Charles Street", "nsstreet": "McLean Drive", "neighbourhoodname": "Grandview-Woodland", "neighbourhoodurl": "https://vancouver.ca/news-calendar/grandview-woodland.aspx", "hectare": 0.11, "googlemapdest": {"lon": -123.074121, "lat": 49.273323}},{"parkid": 60, "name": "Templeton Park", "official": 1, "advisories": "N", "specialfeatures": "N", "facilities": "Y", "washrooms": "N", "streetnumber": "700", "streetname": "Templeton Drive", "ewstreet": "Adanac Street", "nsstreet": "Templeton Drive", "neighbourhoodname": "Grandview-Woodland", "neighbourhoodurl": "https://vancouver.ca/news-calendar/grandview-woodland.aspx", "hectare": 1.93, "googlemapdest": {"lon": -123.058646, "lat": 49.278279}},{"parkid": 65, "name": "Adanac Park", "official": 1, "advisories": "N", "specialfeatures": "N", "facilities": "Y", "washrooms": "Y", "streetnumber": "1025", "streetname": "Boundary Road", "ewstreet": "Adanac Street", "nsstreet": "Boundary Road", "neighbourhoodname": "Hastings-Sunrise", "neighbourhoodurl": "https://vancouver.ca/news-calendar/hastings-sunrise.aspx", "hectare": 4.17, "googlemapdest": {"lon": -123.025811, "lat": 49.276381}},{"parkid": 66, "name": "Bates Park", "official": 1, "advisories": "N", "specialfeatures": "N", "facilities": "N", "washrooms": "N", "streetnumber": "669", "streetname": "Fellowes Street", "ewstreet": "Fellowes Street", "nsstreet": "High Road", "neighbourhoodname": "Hastings-Sunrise", "neighbourhoodurl": "https://vancouver.ca/news-calendar/hastings-sunrise.aspx", "hectare": 0.3, "googlemapdest": {"lon": -123.024336, "lat": 49.292443}},{"parkid": 68, "name": "Callister Park", "official": 1, "advisories": "N", "specialfeatures": "N", "facilities": "Y", "washrooms": "N", "streetnumber": "2875", "streetname": "Oxford Street", "ewstreet": "Oxford Street", "nsstreet": "Renfrew Street", "neighbourhoodname": "Hastings-Sunrise", "neighbourhoodurl": "https://vancouver.ca/news-calendar/hastings-sunrise.aspx", "hectare": 1.45, "googlemapdest": {"lon": -123.045363, "lat": 49.286214}},{"parkid": 70, "name": "Clinton Park", "official": 1, "advisories": "N", "specialfeatures": "N", "facilities": "Y", "washrooms": "Y", "streetnumber": "2690", "streetname": "Grant Street", "ewstreet": "Grant Street", "nsstreet": "Slocan Street", "neighbourhoodname": "Hastings-Sunrise", "neighbourhoodurl": "https://vancouver.ca/news-calendar/hastings-sunrise.aspx", "hectare": 3.04, "googlemapdest": {"lon": -123.0509, "lat": 49.270355}},{"parkid": 72, "name": "Hastings Park", "official": 1, "advisories": "N", "specialfeatures": "N", "facilities": "Y", "washrooms": "Y", "streetnumber": "2901", "streetname": "E Hastings", "ewstreet": "E Hastings Street", "nsstreet": "Renfrew Street", "neighbourhoodname": "Hastings-Sunrise", "neighbourhoodurl": "https://vancouver.ca/news-calendar/hastings-sunrise.aspx", "hectare": 62.0, "googlemapdest": {"lon": -123.039776, "lat": 49.282256}},{"parkid": 78, "name": "Thunderbird Park", "official": 1, "advisories": "N", "specialfeatures": "N", "facilities": "Y", "washrooms": "N", "streetnumber": "3485", "streetname": "E 2nd Avenue", "ewstreet": "E 2nd Avenue", "nsstreet": "Skeena Street", "neighbourhoodname": "Hastings-Sunrise", "neighbourhoodurl": "https://vancouver.ca/news-calendar/hastings-sunrise.aspx", "hectare": 0.89, "googlemapdest": {"lon": -123.028552, "lat": 49.268829}},{"parkid": 83, "name": "Glen Park", "official": 1, "advisories": "N", "specialfeatures": "N", "facilities": "Y", "washrooms": "N", "streetnumber": "3999", "streetname": "Glen Drive", "ewstreet": "E 24th Avenue", "nsstreet": "Glen Drive", "neighbourhoodname": "Kensington-Cedar Cottage", "neighbourhoodurl": "https://vancouver.ca/news-calendar/kensington-cedar-cottage.aspx", "hectare": 1.09, "googlemapdest": {"lon": -123.082823, "lat": 49.249576}},{"parkid": 85, "name": "John Hendry (Trout Lake) Park", "official": 1, "advisories": "N", "specialfeatures": "N", "facilities": "Y", "washrooms": "Y", "streetnumber": "3300", "streetname": "Victoria Drive", "ewstreet": "E 15th Avenue", "nsstreet": "Victoria Drive", "neighbourhoodname": "Kensington-Cedar Cottage", "neighbourhoodurl": "https://vancouver.ca/news-calendar/kensington-cedar-cottage.aspx", "hectare": 27.31, "googlemapdest": {"lon": -123.062242, "lat": 49.255808}},{"parkid": 86, "name": "Jones Park", "official": 1, "advisories": "N", "specialfeatures": "N", "facilities": "Y", "washrooms": "Y", "streetnumber": "5350", "streetname": "Commercial Street", "ewstreet": "E 38th Avenue", "nsstreet": "Commercial Street", "neighbourhoodname": "Kensington-Cedar Cottage", "neighbourhoodurl": "https://vancouver.ca/news-calendar/kensington-cedar-cottage.aspx", "hectare": 1.42, "googlemapdest": {"lon": -123.067051, "lat": 49.235945}},{"parkid": 95, "name": "Malkin Park", "official": 1, "advisories": "N", "specialfeatures": "N", "facilities": "N", "washrooms": "N", "streetnumber": "6001", "streetname": "Balaclava Street", "ewstreet": "W 44th Avenue", "nsstreet": "Balaclava Street", "neighbourhoodname": "Kerrisdale", "neighbourhoodurl": "https://vancouver.ca/news-calendar/kerrisdale.aspx", "hectare": 2.42, "googlemapdest": {"lon": -123.176845, "lat": 49.231959}},{"parkid": 96, "name": "Maple Grove Park", "official": 1, "advisories": "N", "specialfeatures": "N", "facilities": "Y", "washrooms": "Y", "streetnumber": "6875", "streetname": "Yew Street", "ewstreet": "W 51st Avenue", "nsstreet": "Yew Street", "neighbourhoodname": "Kerrisdale", "neighbourhoodurl": "https://vancouver.ca/news-calendar/kerrisdale.aspx", "hectare": 4.2, "googlemapdest": {"lon": -123.16013, "lat": 49.223703}},{"parkid": 98, "name": "McCleery Golf Course", "official": 1, "advisories": "N", "specialfeatures": "N", "facilities": "Y", "washrooms": "N", "streetnumber": "7188", "streetname": "Macdonald Street", "ewstreet": "W 55th Avenue", "nsstreet": "MacDonald Street", "neighbourhoodname": "Kerrisdale", "neighbourhoodurl": "https://vancouver.ca/news-calendar/kerrisdale.aspx", "hectare": 48.57, "googlemapdest": {"lon": -123.170066, "lat": 49.220813}},{"parkid": 99, "name": "Captain Cook Park", "official": 1, "advisories": "N", "specialfeatures": "N", "facilities": "Y", "washrooms": "N", "streetnumber": "3398", "streetname": "E 54th Avenue", "ewstreet": "E 54th Avenue", "nsstreet": "Champlain Crescent", "neighbourhoodname": "Killarney", "neighbourhoodurl": "https://vancouver.ca/news-calendar/killarney.aspx", "hectare": 5.49, "googlemapdest": {"lon": -123.033713, "lat": 49.21912}},{"parkid": 102, "name": "Fraserview Golf Course", "official": 1, "advisories": "N", "specialfeatures": "N", "facilities": "Y", "washrooms": "Y", "streetnumber": "7800", "streetname": "Vivian Drive", "ewstreet": "E 54th Avenue", "nsstreet": "Vivian Drive", "neighbourhoodname": "Killarney", "neighbourhoodurl": "https://vancouver.ca/news-calendar/killarney.aspx", "hectare": 84.34, "googlemapdest": {"lon": -123.047869, "lat": 49.212251}},{"parkid": 104, "name": "Kinross Ravine Park", "official": 1, "advisories": "N", "specialfeatures": "N", "facilities": "N", "washrooms": "N", "streetnumber": "3350", "streetname": "SE Marine Drive", "ewstreet": "3350 SE Marine Drive", "nsstreet": "Kinross Street", "neighbourhoodname": "Killarney", "neighbourhoodurl": "https://vancouver.ca/news-calendar/killarney.aspx", "hectare": 1.2, "googlemapdest": {"lon": -123.036128, "lat": 49.207509}},{"parkid": 110, "name": "Hadden Park", "official": 1, "advisories": "N", "specialfeatures": "Y", "facilities": "Y", "washrooms": "Y", "streetnumber": "1905", "streetname": "Ogden Avenue", "ewstreet": "Ogden Avenue", "nsstreet": "Cypress Street", "neighbourhoodname": "Kitsilano", "neighbourhoodurl": "https://vancouver.ca/news-calendar/kitsilano.aspx", "hectare": 2.92, "googlemapdest": {"lon": -123.152513, "lat": 49.275353}},{"parkid": 112, "name": "Kitsilano Beach Park", "official": 1, "advisories": "N", "specialfeatures": "Y", "facilities": "Y", "washrooms": "Y", "streetnumber": "1499", "streetname": "Arbutus Street", "ewstreet": "Cornwall Avenue", "nsstreet": "Arbutus Street", "neighbourhoodname": "Kitsilano", "neighbourhoodurl": "https://vancouver.ca/news-calendar/kitsilano.aspx", "hectare": 13.47, "googlemapdest": {"lon": -123.153901, "lat": 49.273431}},{"parkid": 113, "name": "Margaret Pigott Park", "official": 1, "advisories": "N", "specialfeatures": "N", "facilities": "N", "washrooms": "N", "streetnumber": "2743", "streetname": "Point Grey Road", "ewstreet": "Point Grey Road", "nsstreet": "Macdonald Street", "neighbourhoodname": "Kitsilano", "neighbourhoodurl": "https://vancouver.ca/news-calendar/kitsilano.aspx", "hectare": 0.38, "googlemapdest": {"lon": -123.167454, "lat": 49.272089}},{"parkid": 116, "name": "Point Grey Park Site at Stephens Street", "official": 0, "advisories": "N", "specialfeatures": "N", "facilities": "N", "washrooms": "N", "streetnumber": "2699", "streetname": "Point Grey Road", "ewstreet": "Point Grey Road", "nsstreet": "Stephens Street", "neighbourhoodname": "Kitsilano", "neighbourhoodurl": "https://vancouver.ca/news-calendar/kitsilano.aspx", "hectare": 0.23, "googlemapdest": {"lon": -123.166128, "lat": 49.272583}},{"parkid": 117, "name": "Point Grey Park Site at Trafalgar Street", "official": 0, "advisories": "N", "specialfeatures": "N", "facilities": "N", "washrooms": "N", "streetnumber": "2601", "streetname": "Point Grey Road", "ewstreet": "Point Grey Road", "nsstreet": "Trafalgar Street", "neighbourhoodname": "Kitsilano", "neighbourhoodurl": "https://vancouver.ca/news-calendar/kitsilano.aspx", "hectare": 0.22, "googlemapdest": {"lon": -123.164637, "lat": 49.273329}},{"parkid": 120, "name": "Vanier Park", "official": 1, "advisories": "N", "specialfeatures": "Y", "facilities": "N", "washrooms": "Y", "streetnumber": "1000", "streetname": "Chestnut Street", "ewstreet": "Whyte Avenue", "nsstreet": "Chestnut Street", "neighbourhoodname": "Kitsilano", "neighbourhoodurl": "https://vancouver.ca/news-calendar/kitsilano.aspx", "hectare": 16.95, "googlemapdest": {"lon": -123.143159, "lat": 49.277049}},{"parkid": 121, "name": "Volunteer Park", "official": 1, "advisories": "N", "specialfeatures": "N", "facilities": "N", "washrooms": "N", "streetnumber": "2855", "streetname": "Point Grey Road", "ewstreet": "Point Grey Road", "nsstreet": "Macdonald Street", "neighbourhoodname": "Kitsilano", "neighbourhoodurl": "https://vancouver.ca/news-calendar/kitsilano.aspx", "hectare": 0.72, "googlemapdest": {"lon": -123.169243, "lat": 49.271635}},{"parkid": 126, "name": "Oak Park", "official": 1, "advisories": "N", "specialfeatures": "N", "facilities": "Y", "washrooms": "Y", "streetnumber": "900", "streetname": "W 59th Avenue", "ewstreet": "W 59th Avenue", "nsstreet": "Oak Street", "neighbourhoodname": "Marpole", "neighbourhoodurl": "https://vancouver.ca/news-calendar/marpole.aspx", "hectare": 5.25, "googlemapdest": {"lon": -123.128319, "lat": 49.215497}},{"parkid": 137, "name": "Jonathan Rogers Park", "official": 1, "advisories": "N", "specialfeatures": "N", "facilities": "Y", "washrooms": "Y", "streetnumber": "110", "streetname": "W 7th Avenue", "ewstreet": "W 7th Avenue", "nsstreet": "Manitoba Street", "neighbourhoodname": "Mount Pleasant", "neighbourhoodurl": "https://vancouver.ca/news-calendar/mount-pleasant.aspx", "hectare": 1.4, "googlemapdest": {"lon": -123.108174, "lat": 49.264334}},{"parkid": 148, "name": "Beaconsfield Park", "official": 1, "advisories": "N", "specialfeatures": "N", "facilities": "Y", "washrooms": "Y", "streetnumber": "3215", "streetname": "Slocan Street", "ewstreet": "E 15th Avenue", "nsstreet": "Slocan Street", "neighbourhoodname": "Renfrew-Collingwood", "neighbourhoodurl": "https://vancouver.ca/news-calendar/renfrew.aspx", "hectare": 4.43, "googlemapdest": {"lon": -123.051302, "lat": 49.255546}},{"parkid": 156, "name": "Melbourne Park", "official": 1, "advisories": "N", "specialfeatures": "N", "facilities": "Y", "washrooms": "N", "streetnumber": "3530", "streetname": "Vanness Avenue", "ewstreet": "Vanness Avenue", "nsstreet": "Melbourne Street", "neighbourhoodname": "Renfrew-Collingwood", "neighbourhoodurl": "https://vancouver.ca/news-calendar/renfrew.aspx", "hectare": 0.49, "googlemapdest": {"lon": -123.029179, "lat": 49.236236}},{"parkid": 159, "name": "Renfrew Community Park", "official": 1, "advisories": "N", "specialfeatures": "N", "facilities": "Y", "washrooms": "N", "streetnumber": "2929", "streetname": "E 22nd Avenue", "ewstreet": "E 22nd Avenue", "nsstreet": "Renfrew Street", "neighbourhoodname": "Renfrew-Collingwood", "neighbourhoodurl": "https://vancouver.ca/news-calendar/renfrew.aspx", "hectare": 5.0, "googlemapdest": {"lon": -123.042896, "lat": 49.252129}},{"parkid": 162, "name": "Cartier Park", "official": 1, "advisories": "N", "specialfeatures": "N", "facilities": "Y", "washrooms": "N", "streetnumber": "390", "streetname": "E 36th Avenue", "ewstreet": "E 36th Avenue", "nsstreet": "Prince Edward Street", "neighbourhoodname": "Riley Park", "neighbourhoodurl": "https://vancouver.ca/news-calendar/renfrew.aspx", "hectare": 0.37, "googlemapdest": {"lon": -123.097473, "lat": 49.237598}},{"parkid": 165, "name": "Nat Bailey Stadium", "official": 1, "advisories": "N", "specialfeatures": "N", "facilities": "Y", "washrooms": "N", "streetnumber": "4601", "streetname": "Ontario Street", "ewstreet": "W 30th Avenue", "nsstreet": "Ontario Street", "neighbourhoodname": "Riley Park", "neighbourhoodurl": "https://vancouver.ca/news-calendar/renfrew.aspx", "hectare": 6.21, "googlemapdest": {"lon": -123.106679, "lat": 49.242653}},{"parkid": 172, "name": "Shaughnessy Park", "official": 1, "advisories": "N", "specialfeatures": "N", "facilities": "N", "washrooms": "N", "streetnumber": "1300", "streetname": "The Crescent", "ewstreet": "The Crescent", "nsstreet": "Hudson Street", "neighbourhoodname": "Shaughnessy", "neighbourhoodurl": "https://vancouver.ca/news-calendar/shaughnessy.aspx", "hectare": 1.45, "googlemapdest": {"lon": -123.135068, "lat": 49.255715}},{"parkid": 180, "name": "Oppenheimer Park", "official": 1, "advisories": "N", "specialfeatures": "Y", "facilities": "Y", "washrooms": "Y", "streetnumber": "400", "streetname": "Powell Street", "ewstreet": "Powell Street", "nsstreet": "Jackson Street", "neighbourhoodname": "Strathcona", "neighbourhoodurl": "https://vancouver.ca/news-calendar/strathcona.aspx", "hectare": 1.0, "googlemapdest": {"lon": -123.094313, "lat": 49.282645}},{"parkid": 185, "name": "MacDonald Park", "official": 1, "advisories": "N", "specialfeatures": "N", "facilities": "Y", "washrooms": "N", "streetnumber": "300", "streetname": "E 44th Avenue", "ewstreet": "E 44th Avenue", "nsstreet": "Prince Edward Street", "neighbourhoodname": "Sunset", "neighbourhoodurl": "https://vancouver.ca/news-calendar/sunset.aspx", "hectare": 1.05, "googlemapdest": {"lon": -123.098396, "lat": 49.229748}},{"parkid": 187, "name": "Moberly Park", "official": 1, "advisories": "N", "specialfeatures": "N", "facilities": "Y", "washrooms": "Y", "streetnumber": "7646", "streetname": "Prince Albert Street", "ewstreet": "E 59th Avenue", "nsstreet": "Prince Albert Street", "neighbourhoodname": "Sunset", "neighbourhoodurl": "https://vancouver.ca/news-calendar/sunset.aspx", "hectare": 3.6, "googlemapdest": {"lon": -123.086219, "lat": 49.215602}},{"parkid": 189, "name": "Sunset Park", "official": 1, "advisories": "N", "specialfeatures": "N", "facilities": "Y", "washrooms": "N", "streetnumber": "404", "streetname": "E 51st Avenue", "ewstreet": "E 51st Avenue", "nsstreet": "Prince Edward Street", "neighbourhoodname": "Sunset", "neighbourhoodurl": "https://vancouver.ca/news-calendar/sunset.aspx", "hectare": 3.42, "googlemapdest": {"lon": -123.096916, "lat": 49.222561}},{"parkid": 191, "name": "Bobolink Park", "official": 1, "advisories": "N", "specialfeatures": "N", "facilities": "Y", "washrooms": "Y", "streetnumber": "2510", "streetname": "Hoylake Avenue", "ewstreet": "Hoylake Avenue", "nsstreet": "Muirfield Drive", "neighbourhoodname": "Victoria-Fraserview", "neighbourhoodurl": "https://vancouver.ca/news-calendar/victoria-fraserview.aspx", "hectare": 3.82, "googlemapdest": {"lon": -123.057615, "lat": 49.215075}},{"parkid": 198, "name": "Tecumseh Park", "official": 1, "advisories": "N", "specialfeatures": "N", "facilities": "Y", "washrooms": "N", "streetnumber": "1751", "streetname": "E 45th Avenue", "ewstreet": "E 45th Avenue", "nsstreet": "Bruce Street", "neighbourhoodname": "Victoria-Fraserview", "neighbourhoodurl": "https://vancouver.ca/news-calendar/victoria-fraserview.aspx", "hectare": 2.09, "googlemapdest": {"lon": -123.069846, "lat": 49.229752}},{"parkid": 202, "name": "Morton Park", "official": 1, "advisories": "N", "specialfeatures": "N", "facilities": "N", "washrooms": "N", "streetnumber": "1800", "streetname": "Morton Avenue", "ewstreet": "Morton Avenue", "nsstreet": "Denman Street", "neighbourhoodname": "West End", "neighbourhoodurl": "https://vancouver.ca/news-calendar/west-end.aspx", "hectare": 0.22, "googlemapdest": {"lon": -123.141955, "lat": 49.28768}},{"parkid": 203, "name": "Nelson Park", "official": 1, "advisories": "N", "specialfeatures": "N", "facilities": "Y", "washrooms": "N", "streetnumber": "1030", "streetname": "Bute Street", "ewstreet": "Nelson Street", "nsstreet": "Bute Street", "neighbourhoodname": "West End", "neighbourhoodurl": "https://vancouver.ca/news-calendar/west-end.aspx", "hectare": 1.16, "googlemapdest": {"lon": -123.129558, "lat": 49.282855}},{"parkid": 206, "name": "Stanley Park", "official": 1, "advisories": "N", "specialfeatures": "Y", "facilities": "Y", "washrooms": "Y", "streetnumber": "2000", "streetname": "W Georgia Street", "ewstreet": "W Georgia Street", "nsstreet": "Chilco Street", "neighbourhoodname": "West End", "neighbourhoodurl": "https://vancouver.ca/news-calendar/west-end.aspx", "hectare": 400.0, "googlemapdest": {"lon": -123.144307, "lat": 49.302701}},{"parkid": 220, "name": "Spanish Banks Beach Park", "official": 1, "advisories": "N", "specialfeatures": "Y", "facilities": "Y", "washrooms": "Y", "streetnumber": "4801", "streetname": "NW Marine Drive", "ewstreet": "NW Marine Drive", "nsstreet": "Blanca Street", "neighbourhoodname": "West Point Grey", "neighbourhoodurl": "https://vancouver.ca/news-calendar/point-grey.aspx", "hectare": 6.53, "googlemapdest": {"lon": -123.216909, "lat": 49.277063}},{"parkid": 221, "name": "West Point Grey Park", "official": 1, "advisories": "N", "specialfeatures": "N", "facilities": "Y", "washrooms": "Y", "streetnumber": "2250", "streetname": "Trimble Street", "ewstreet": "W 8th Avenue", "nsstreet": "Trimble Street", "neighbourhoodname": "West Point Grey", "neighbourhoodurl": "https://vancouver.ca/news-calendar/point-grey.aspx", "hectare": 3.4, "googlemapdest": {"lon": -123.204312, "lat": 49.266301}},{"parkid": 222, "name": "Westmount Park", "official": 1, "advisories": "N", "specialfeatures": "N", "facilities": "Y", "washrooms": "N", "streetnumber": "4651", "streetname": "W 2nd Avenue", "ewstreet": "W 2nd Avenue", "nsstreet": "Blanca Street", "neighbourhoodname": "West Point Grey", "neighbourhoodurl": "https://vancouver.ca/news-calendar/point-grey.aspx", "hectare": 0.4, "googlemapdest": {"lon": -123.214423, "lat": 49.271852}},{"parkid": 228, "name": "Oak Meadows Park", "official": 0, "advisories": "N", "specialfeatures": "Y", "facilities": "Y", "washrooms": "N", "streetnumber": "899", "streetname": "W 37th Avenue", "ewstreet": "W 37th Avenue", "nsstreet": "Oak Street", "neighbourhoodname": "South Cambie", "neighbourhoodurl": "https://vancouver.ca/news-calendar/south-cambie.aspx", "hectare": 5.0, "googlemapdest": {"lon": -123.125795, "lat": 49.238445}},{"parkid": 234, "name": "Aberdeen Park", "official": 1, "advisories": "N", "specialfeatures": "N", "facilities": "Y", "washrooms": "N", "streetnumber": "3525", "streetname": "Foster Avenue", "ewstreet": "Foster Avenue", "nsstreet": "Aberdeen Street", "neighbourhoodname": "Renfrew-Collingwood", "neighbourhoodurl": "https://vancouver.ca/news-calendar/renfrew.aspx", "hectare": 1.0, "googlemapdest": {"lon": -123.027446, "lat": 49.234765}},{"parkid": 236, "name": "Ebisu Park", "official": 0, "advisories": "N", "specialfeatures": "N", "facilities": "Y", "washrooms": "N", "streetnumber": "8810", "streetname": "Olser Street", "ewstreet": "W 72nd Avenue", "nsstreet": "Olser Street", "neighbourhoodname": "Marpole", "neighbourhoodurl": "https://vancouver.ca/news-calendar/marpole.aspx", "hectare": 0.4, "googlemapdest": {"lon": -123.132836, "lat": 49.205468}},{"parkid": 238, "name": "Carolina Park", "official": 1, "advisories": "N", "specialfeatures": "N", "facilities": "N", "washrooms": "N", "streetnumber": "2100", "streetname": "Carolina Street", "ewstreet": "E 5th Avenue", "nsstreet": "Carolina Street", "neighbourhoodname": "Mount Pleasant", "neighbourhoodurl": "https://vancouver.ca/news-calendar/mount-pleasant.aspx", "hectare": 0.08, "googlemapdest": {"lon": -123.090778, "lat": 49.266401}},{"parkid": 241, "name": "Habitat Island", "official": 0, "advisories": "N", "specialfeatures": "N", "facilities": "N", "washrooms": "N", "streetnumber": "1616", "streetname": "Columbia Street", "ewstreet": null, "nsstreet": null, "neighbourhoodname": "Mount Pleasant", "neighbourhoodurl": "https://vancouver.ca/news-calendar/mount-pleasant.aspx", "hectare": 0.6, "googlemapdest": {"lon": -123.110791, "lat": 49.27221}},{"parkid": 246, "name": "Creekway Park", "official": 1, "advisories": "N", "specialfeatures": "N", "facilities": "N", "washrooms": "N", "streetnumber": "2901", "streetname": "E Hastings Street", "ewstreet": "McGill Street", "nsstreet": null, "neighbourhoodname": "Hastings-Sunrise", "neighbourhoodurl": "https://vancouver.ca/news-calendar/hastings-sunrise.aspx", "hectare": 8.0, "googlemapdest": {"lon": -123.036982, "lat": 49.288336}},{"parkid": 3, "name": "Prince of Wales Park", "official": 1, "advisories": "N", "specialfeatures": "N", "facilities": "Y", "washrooms": "N", "streetnumber": "4780", "streetname": "Haggart Street", "ewstreet": "W 32nd Avenue", "nsstreet": "Haggart Street", "neighbourhoodname": "Arbutus-Ridge", "neighbourhoodurl": "https://vancouver.ca/news-calendar/arbutus-ridge.aspx", "hectare": 2.89, "googlemapdest": {"lon": -123.156429, "lat": 49.244397}},{"parkid": 6, "name": "Quilchena Park", "official": 1, "advisories": "N", "specialfeatures": "Y", "facilities": "Y", "washrooms": "Y", "streetnumber": "4590", "streetname": "Magnolia Street", "ewstreet": "W 33rd Avenue", "nsstreet": "Magnolia Street", "neighbourhoodname": "Arbutus-Ridge", "neighbourhoodurl": "https://vancouver.ca/news-calendar/arbutus-ridge.aspx", "hectare": 7.67, "googlemapdest": {"lon": -123.148865, "lat": 49.24369}},{"parkid": 8, "name": "Trafalgar Park", "official": 1, "advisories": "N", "specialfeatures": "N", "facilities": "Y", "washrooms": "Y", "streetnumber": "2610", "streetname": "W 23rd Avenue", "ewstreet": "W 23rd Avenue", "nsstreet": "Valley Drive", "neighbourhoodname": "Arbutus-Ridge", "neighbourhoodurl": "https://vancouver.ca/news-calendar/arbutus-ridge.aspx", "hectare": 4.85, "googlemapdest": {"lon": -123.161879, "lat": 49.25046}},{"parkid": 12, "name": "Cathedral Square", "official": 1, "advisories": "N", "specialfeatures": "N", "facilities": "N", "washrooms": "N", "streetnumber": "566", "streetname": "Richards Street", "ewstreet": "Dunsmuir Street", "nsstreet": "Richards Street", "neighbourhoodname": "Downtown", "neighbourhoodurl": "https://vancouver.ca/news-calendar/downtown.aspx", "hectare": 0.27, "googlemapdest": {"lon": -123.113877, "lat": 49.282084}},{"parkid": 13, "name": "Coal Harbour Park", "official": 1, "advisories": "N", "specialfeatures": "N", "facilities": "Y", "washrooms": "N", "streetnumber": "480", "streetname": "Broughton Street", "ewstreet": "W Hastings Street", "nsstreet": "Broughton Street", "neighbourhoodname": "Downtown", "neighbourhoodurl": "https://vancouver.ca/news-calendar/downtown.aspx", "hectare": 0.95, "googlemapdest": {"lon": -123.125015, "lat": 49.289981}},{"parkid": 15, "name": "Creekside Park", "official": 1, "advisories": "N", "specialfeatures": "Y", "facilities": "Y", "washrooms": "N", "streetnumber": "1455", "streetname": "Quebec Street", "ewstreet": "Terminal Avenue", "nsstreet": "Quebec Street", "neighbourhoodname": "Downtown", "neighbourhoodurl": "https://vancouver.ca/news-calendar/downtown.aspx", "hectare": 2.53, "googlemapdest": {"lon": -123.102924, "lat": 49.274415}},{"parkid": 16, "name": "David Lam Park", "official": 1, "advisories": "N", "specialfeatures": "Y", "facilities": "Y", "washrooms": "Y", "streetnumber": "1300", "streetname": "Pacific Boulevard", "ewstreet": "Drake Street", "nsstreet": "Pacific Boulevard", "neighbourhoodname": "Downtown", "neighbourhoodurl": "https://vancouver.ca/news-calendar/downtown.aspx", "hectare": 4.34, "googlemapdest": {"lon": -123.124145, "lat": 49.272569}},{"parkid": 20, "name": "Emery Barnes Park", "official": 1, "advisories": "N", "specialfeatures": "N", "facilities": "Y", "washrooms": "N", "streetnumber": "1170", "streetname": "Richards Street", "ewstreet": "Davie Street", "nsstreet": "Richards Street", "neighbourhoodname": "Downtown", "neighbourhoodurl": "https://vancouver.ca/news-calendar/downtown.aspx", "hectare": 0.85, "googlemapdest": {"lon": -123.123995, "lat": 49.276458}},{"parkid": 27, "name": "Portal Park", "official": 1, "advisories": "N", "specialfeatures": "N", "facilities": "N", "washrooms": "N", "streetnumber": "1099", "streetname": "W Hastings Street", "ewstreet": "W Hastings Street", "nsstreet": "Thurlow Street", "neighbourhoodname": "Downtown", "neighbourhoodurl": "https://vancouver.ca/news-calendar/downtown.aspx", "hectare": 0.1, "googlemapdest": {"lon": -123.119169, "lat": 49.288042}},{"parkid": 29, "name": "Roundhouse Turntable Plaza", "official": 1, "advisories": "N", "specialfeatures": "N", "facilities": "Y", "washrooms": "N", "streetnumber": "181", "streetname": "Roundhouse Mews", "ewstreet": "Roundhouse Mews", "nsstreet": "Pacific Boulevard", "neighbourhoodname": "Downtown", "neighbourhoodurl": "https://vancouver.ca/news-calendar/downtown.aspx", "hectare": 0.91, "googlemapdest": {"lon": -123.121603, "lat": 49.273379}},{"parkid": 30, "name": "Sun Yat-Sen Gardens", "official": 1, "advisories": "N", "specialfeatures": "N", "facilities": "N", "washrooms": "N", "streetnumber": "578", "streetname": "Carrall Street", "ewstreet": "Keefer Street", "nsstreet": "Carrall Street", "neighbourhoodname": "Downtown", "neighbourhoodurl": "https://vancouver.ca/news-calendar/downtown.aspx", "hectare": 0.83, "googlemapdest": {"lon": -123.104233, "lat": 49.279691}},{"parkid": 38, "name": "Deering Island Park", "official": 1, "advisories": "N", "specialfeatures": "N", "facilities": "N", "washrooms": "N", "streetnumber": "3530", "streetname": "Deering Island Pl.", "ewstreet": "Deering Island Place", "nsstreet": "Carrington Street", "neighbourhoodname": "Dunbar-Southlands", "neighbourhoodurl": "https://vancouver.ca/news-calendar/dunbar-southlands.aspx", "hectare": 0.74, "googlemapdest": {"lon": -123.184356, "lat": 49.218288}},{"parkid": 40, "name": "Musqueam Park", "official": 1, "advisories": "N", "specialfeatures": "N", "facilities": "Y", "washrooms": "N", "streetnumber": "4000", "streetname": "SW Marine Drive", "ewstreet": "SW Marine Drive", "nsstreet": "Crown Street", "neighbourhoodname": "Dunbar-Southlands", "neighbourhoodurl": "https://vancouver.ca/news-calendar/dunbar-southlands.aspx", "hectare": 22.05, "googlemapdest": {"lon": -123.18998, "lat": 49.229331}},{"parkid": 41, "name": "Quadra West Park", "official": 1, "advisories": "N", "specialfeatures": "N", "facilities": "N", "washrooms": "N", "streetnumber": "3250", "streetname": "Quadra Street", "ewstreet": "W 17th Avenue", "nsstreet": "Quadra Street", "neighbourhoodname": "Dunbar-Southlands", "neighbourhoodurl": "https://vancouver.ca/news-calendar/dunbar-southlands.aspx", "hectare": 0.17, "googlemapdest": {"lon": -123.180696, "lat": 49.257112}},{"parkid": 50, "name": "Cambridge Park", "official": 1, "advisories": "N", "specialfeatures": "N", "facilities": "N", "washrooms": "N", "streetnumber": "2099", "streetname": "Wall Street", "ewstreet": "Cambridge Street", "nsstreet": "Wall Street", "neighbourhoodname": "Grandview-Woodland", "neighbourhoodurl": "https://vancouver.ca/news-calendar/grandview-woodland.aspx", "hectare": 0.19, "googlemapdest": {"lon": -123.062784, "lat": 49.286753}},{"parkid": 52, "name": "Grandview Park", "official": 1, "advisories": "N", "specialfeatures": "N", "facilities": "Y", "washrooms": "Y", "streetnumber": "1255", "streetname": "Commercial Drive", "ewstreet": "Charles Street", "nsstreet": "Commercial Drive", "neighbourhoodname": "Grandview-Woodland", "neighbourhoodurl": "https://vancouver.ca/news-calendar/grandview-woodland.aspx", "hectare": 0.89, "googlemapdest": {"lon": -123.070469, "lat": 49.273511}},{"parkid": 53, "name": "McGill Park", "official": 1, "advisories": "N", "specialfeatures": "N", "facilities": "N", "washrooms": "N", "streetnumber": "2305", "streetname": "McGill Street", "ewstreet": "McGill Street", "nsstreet": "Garden Drive", "neighbourhoodname": "Grandview-Woodland", "neighbourhoodurl": "https://vancouver.ca/news-calendar/grandview-woodland.aspx", "hectare": 0.19, "googlemapdest": {"lon": -123.057154, "lat": 49.288668}},{"parkid": 54, "name": "McSpadden Park", "official": 1, "advisories": "N", "specialfeatures": "N", "facilities": "Y", "washrooms": "N", "streetnumber": "2125", "streetname": "Victoria Drive", "ewstreet": "E 5th Avenue", "nsstreet": "Victoria Drive", "neighbourhoodname": "Grandview-Woodland", "neighbourhoodurl": "https://vancouver.ca/news-calendar/grandview-woodland.aspx", "hectare": 1.62, "googlemapdest": {"lon": -123.066601, "lat": 49.265936}},{"parkid": 56, "name": "Oxford Park", "official": 1, "advisories": "N", "specialfeatures": "N", "facilities": "Y", "washrooms": "N", "streetnumber": "2050", "streetname": "Wall Street", "ewstreet": "Oxford Street", "nsstreet": "Wall Street", "neighbourhoodname": "Grandview-Woodland", "neighbourhoodurl": "https://vancouver.ca/news-calendar/grandview-woodland.aspx", "hectare": 0.22, "googlemapdest": {"lon": -123.062223, "lat": 49.286172}},{"parkid": 64, "name": "Woodland Park", "official": 1, "advisories": "N", "specialfeatures": "N", "facilities": "Y", "washrooms": "Y", "streetnumber": "705", "streetname": "Woodland Drive", "ewstreet": "Adanac Street", "nsstreet": "Woodland Drive", "neighbourhoodname": "Grandview-Woodland", "neighbourhoodurl": "https://vancouver.ca/news-calendar/grandview-woodland.aspx", "hectare": 1.58, "googlemapdest": {"lon": -123.073387, "lat": 49.278526}},{"parkid": 74, "name": "Kaslo Park", "official": 1, "advisories": "N", "specialfeatures": "N", "facilities": "Y", "washrooms": "N", "streetnumber": "2851", "streetname": "E 7th Avenue", "ewstreet": "E 7th Avenue", "nsstreet": "Kaslo Street", "neighbourhoodname": "Hastings-Sunrise", "neighbourhoodurl": "https://vancouver.ca/news-calendar/hastings-sunrise.aspx", "hectare": 0.45, "googlemapdest": {"lon": -123.046012, "lat": 49.264099}},{"parkid": 75, "name": "New Brighton Park", "official": 1, "advisories": "N", "specialfeatures": "N", "facilities": "Y", "washrooms": "Y", "streetnumber": "3201", "streetname": "New Brighton Road", "ewstreet": "New Brighton Road", "nsstreet": "N Windermere Street", "neighbourhoodname": "Hastings-Sunrise", "neighbourhoodurl": "https://vancouver.ca/news-calendar/hastings-sunrise.aspx", "hectare": 10.0, "googlemapdest": {"lon": -123.037888, "lat": 49.290122}},{"parkid": 76, "name": "Rupert Park", "official": 1, "advisories": "N", "specialfeatures": "N", "facilities": "Y", "washrooms": "Y", "streetnumber": "1600", "streetname": "Rupert Street", "ewstreet": "E 1st Avenue", "nsstreet": "Rupert Street", "neighbourhoodname": "Hastings-Sunrise", "neighbourhoodurl": "https://vancouver.ca/news-calendar/hastings-sunrise.aspx", "hectare": 11.43, "googlemapdest": {"lon": -123.031384, "lat": 49.271629}},{"parkid": 77, "name": "Sunrise Park", "official": 1, "advisories": "N", "specialfeatures": "N", "facilities": "Y", "washrooms": "Y", "streetnumber": "1950", "streetname": "Windermere Street", "ewstreet": "E 5th Avenue", "nsstreet": "Windermere Street", "neighbourhoodname": "Hastings-Sunrise", "neighbourhoodurl": "https://vancouver.ca/news-calendar/hastings-sunrise.aspx", "hectare": 3.18, "googlemapdest": {"lon": -123.035037, "lat": 49.266612}},{"parkid": 79, "name": "Brewers Park", "official": 1, "advisories": "N", "specialfeatures": "N", "facilities": "Y", "washrooms": "Y", "streetnumber": "4175", "streetname": "Victoria Drive", "ewstreet": "E 26th Avenue", "nsstreet": "Victoria Drive", "neighbourhoodname": "Kensington-Cedar Cottage", "neighbourhoodurl": "https://vancouver.ca/news-calendar/kensington-cedar-cottage.aspx", "hectare": 1.38, "googlemapdest": {"lon": -123.066461, "lat": 49.247695}},{"parkid": 81, "name": "Clark Park", "official": 1, "advisories": "N", "specialfeatures": "N", "facilities": "Y", "washrooms": "N", "streetnumber": "1500", "streetname": "E 14th Avenue", "ewstreet": "E 14th Avenue", "nsstreet": "Commercial Drive", "neighbourhoodname": "Kensington-Cedar Cottage", "neighbourhoodurl": "https://vancouver.ca/news-calendar/kensington-cedar-cottage.aspx", "hectare": 4.28, "googlemapdest": {"lon": -123.072405, "lat": 49.257142}},{"parkid": 82, "name": "General Brock Park", "official": 1, "advisories": "N", "specialfeatures": "N", "facilities": "Y", "washrooms": "N", "streetnumber": "2301", "streetname": "Brock Street", "ewstreet": "Brock Street", "nsstreet": "Baldwin Street", "neighbourhoodname": "Kensington-Cedar Cottage", "neighbourhoodurl": "https://vancouver.ca/news-calendar/kensington-cedar-cottage.aspx", "hectare": 2.11, "googlemapdest": {"lon": -123.058517, "lat": 49.244757}},{"parkid": 84, "name": "Grays Park", "official": 1, "advisories": "N", "specialfeatures": "N", "facilities": "Y", "washrooms": "Y", "streetnumber": "4850", "streetname": "St. Catherines Street", "ewstreet": "E 33rd Avenue", "nsstreet": "St. Catherines Street", "neighbourhoodname": "Kensington-Cedar Cottage", "neighbourhoodurl": "https://vancouver.ca/news-calendar/kensington-cedar-cottage.aspx", "hectare": 1.61, "googlemapdest": {"lon": -123.084974, "lat": 49.241136}},{"parkid": 88, "name": "Kingcrest Park", "official": 1, "advisories": "N", "specialfeatures": "N", "facilities": "Y", "washrooms": "N", "streetnumber": "4150", "streetname": "Knight Street", "ewstreet": "E 26th Avenue", "nsstreet": "Knight Street", "neighbourhoodname": "Kensington-Cedar Cottage", "neighbourhoodurl": "https://vancouver.ca/news-calendar/kensington-cedar-cottage.aspx", "hectare": 2.41, "googlemapdest": {"lon": -123.074674, "lat": 49.247499}},{"parkid": 92, "name": "Fraser River Park", "official": 1, "advisories": "N", "specialfeatures": "N", "facilities": "Y", "washrooms": "Y", "streetnumber": "8705", "streetname": "Angus Drive", "ewstreet": "W 75th Avenue", "nsstreet": "Angus Drive", "neighbourhoodname": "Kerrisdale", "neighbourhoodurl": "https://vancouver.ca/news-calendar/kerrisdale.aspx", "hectare": 9.1, "googlemapdest": {"lon": -123.150862, "lat": 49.207915}},{"parkid": 100, "name": "Champlain Heights Park", "official": 1, "advisories": "N", "specialfeatures": "N", "facilities": "Y", "washrooms": "N", "streetnumber": "3351", "streetname": "Maquinna Drive", "ewstreet": "Maquinna Drive", "nsstreet": "Champlain Crescent", "neighbourhoodname": "Killarney", "neighbourhoodurl": "https://vancouver.ca/news-calendar/killarney.aspx", "hectare": 7.84, "googlemapdest": {"lon": -123.032545, "lat": 49.215527}},{"parkid": 106, "name": "Almond Park", "official": 1, "advisories": "N", "specialfeatures": "N", "facilities": "Y", "washrooms": "N", "streetnumber": "3600", "streetname": "W 12th Avenue", "ewstreet": "W 12th Avenue", "nsstreet": "Dunbar Street", "neighbourhoodname": "Kitsilano", "neighbourhoodurl": "https://vancouver.ca/news-calendar/kitsilano.aspx", "hectare": 1.61, "googlemapdest": {"lon": -123.184543, "lat": 49.261014}},{"parkid": 108, "name": "Connaught Park", "official": 1, "advisories": "N", "specialfeatures": "N", "facilities": "Y", "washrooms": "N", "streetnumber": "2390", "streetname": "W 10th Avenue", "ewstreet": "W 10th Avenue", "nsstreet": "Vine Street", "neighbourhoodname": "Kitsilano", "neighbourhoodurl": "https://vancouver.ca/news-calendar/kitsilano.aspx", "hectare": 5.98, "googlemapdest": {"lon": -123.160025, "lat": 49.262026}},{"parkid": 114, "name": "McBride Park", "official": 1, "advisories": "N", "specialfeatures": "N", "facilities": "Y", "washrooms": "Y", "streetnumber": "3350", "streetname": "W 4th Avenue", "ewstreet": "W 4th Avenue", "nsstreet": "Waterloo Street", "neighbourhoodname": "Kitsilano", "neighbourhoodurl": "https://vancouver.ca/news-calendar/kitsilano.aspx", "hectare": 1.71, "googlemapdest": {"lon": -123.179732, "lat": 49.268073}},{"parkid": 115, "name": "Point Grey Park Site at Trutch Street", "official": 1, "advisories": "N", "specialfeatures": "N", "facilities": "N", "washrooms": "N", "streetnumber": "3215", "streetname": "Point Grey Road", "ewstreet": "Point Grey Road", "nsstreet": "Trutch Street", "neighbourhoodname": "Kitsilano", "neighbourhoodurl": "https://vancouver.ca/news-calendar/kitsilano.aspx", "hectare": 0.22, "googlemapdest": {"lon": -123.17617, "lat": 49.271658}},{"parkid": 122, "name": "Ash Park", "official": 1, "advisories": "N", "specialfeatures": "N", "facilities": "Y", "washrooms": "N", "streetnumber": "8288", "streetname": "Ash Street", "ewstreet": "W 68th Avenue", "nsstreet": "Ash Street", "neighbourhoodname": "Marpole", "neighbourhoodurl": "https://vancouver.ca/news-calendar/marpole.aspx", "hectare": 0.51, "googlemapdest": {"lon": -123.119435, "lat": 49.210597}},{"parkid": 128, "name": "Shannon Park", "official": 1, "advisories": "N", "specialfeatures": "N", "facilities": "Y", "washrooms": "N", "streetnumber": "1575", "streetname": "W 62nd Avenue", "ewstreet": "W 62nd Avenue", "nsstreet": "Adera Street", "neighbourhoodname": "Marpole", "neighbourhoodurl": "https://vancouver.ca/news-calendar/marpole.aspx", "hectare": 0.94, "googlemapdest": {"lon": -123.142529, "lat": 49.215457}},{"parkid": 131, "name": "Winona Park", "official": 1, "advisories": "N", "specialfeatures": "N", "facilities": "Y", "washrooms": "Y", "streetnumber": "7575", "streetname": "Columbia Street", "ewstreet": "W 59th Avenue", "nsstreet": "Columbia Street", "neighbourhoodname": "Marpole", "neighbourhoodurl": "https://vancouver.ca/news-calendar/marpole.aspx", "hectare": 5.31, "googlemapdest": {"lon": -123.114024, "lat": 49.215431}},{"parkid": 136, "name": "Guelph Park", "official": 1, "advisories": "N", "specialfeatures": "N", "facilities": "Y", "washrooms": "N", "streetnumber": "2390", "streetname": "Brunswick Street", "ewstreet": "E 7th Avenue", "nsstreet": "Brunswick Street", "neighbourhoodname": "Mount Pleasant", "neighbourhoodurl": "https://vancouver.ca/news-calendar/mount-pleasant.aspx", "hectare": 1.04, "googlemapdest": {"lon": -123.095837, "lat": 49.263965}},{"parkid": 146, "name": "Montgomery Park", "official": 1, "advisories": "N", "specialfeatures": "N", "facilities": "Y", "washrooms": "Y", "streetnumber": "1040", "streetname": "W 43rd Avenue", "ewstreet": "W 43rd Avenue", "nsstreet": "Montgomery Street", "neighbourhoodname": "Oakridge", "neighbourhoodurl": "https://vancouver.ca/news-calendar/oakridge.aspx", "hectare": 4.02, "googlemapdest": {"lon": -123.130776, "lat": 49.231291}},{"parkid": 147, "name": "Tisdall Park", "official": 1, "advisories": "N", "specialfeatures": "Y", "facilities": "Y", "washrooms": "N", "streetnumber": "6210", "streetname": "Tisdall Street", "ewstreet": "W 49th Avenue", "nsstreet": "Tisdall Street", "neighbourhoodname": "Oakridge", "neighbourhoodurl": "https://vancouver.ca/news-calendar/oakridge.aspx", "hectare": 5.02, "googlemapdest": {"lon": -123.119693, "lat": 49.227725}},{"parkid": 149, "name": "Cariboo Park", "official": 1, "advisories": "N", "specialfeatures": "N", "facilities": "Y", "washrooms": "N", "streetnumber": "3450", "streetname": "E 29th Avenue", "ewstreet": "E 29th Avenue", "nsstreet": "Cariboo Street", "neighbourhoodname": "Renfrew-Collingwood", "neighbourhoodurl": "https://vancouver.ca/news-calendar/renfrew.aspx", "hectare": 0.77, "googlemapdest": {"lon": -123.028792, "lat": 49.244232}},{"parkid": 151, "name": "Collingwood Park", "official": 1, "advisories": "N", "specialfeatures": "N", "facilities": "Y", "washrooms": "Y", "streetnumber": "5275", "streetname": "McKinnon Street", "ewstreet": "Euclid Street", "nsstreet": "McKinnon Street", "neighbourhoodname": "Renfrew-Collingwood", "neighbourhoodurl": "https://vancouver.ca/news-calendar/renfrew.aspx", "hectare": 1.27, "googlemapdest": {"lon": -123.036887, "lat": 49.237066}},{"parkid": 157, "name": "Norquay Park", "official": 1, "advisories": "N", "specialfeatures": "N", "facilities": "Y", "washrooms": "Y", "streetnumber": "5050", "streetname": "Wales Street", "ewstreet": "Kingsway", "nsstreet": "Wales Street", "neighbourhoodname": "Renfrew-Collingwood", "neighbourhoodurl": "https://vancouver.ca/news-calendar/renfrew.aspx", "hectare": 2.26, "googlemapdest": {"lon": -123.051061, "lat": 49.237098}},{"parkid": 158, "name": "Price Park", "official": 1, "advisories": "N", "specialfeatures": "N", "facilities": "Y", "washrooms": "N", "streetnumber": "3650", "streetname": "Price Street", "ewstreet": "Price Street", "nsstreet": "Boundary Road", "neighbourhoodname": "Renfrew-Collingwood", "neighbourhoodurl": "https://vancouver.ca/news-calendar/renfrew.aspx", "hectare": 0.35, "googlemapdest": {"lon": -123.097564, "lat": 49.251572}},{"parkid": 160, "name": "Renfrew Ravine Park", "official": 1, "advisories": "N", "specialfeatures": "N", "facilities": "N", "washrooms": "N", "streetnumber": "3900", "streetname": "Renfrew Street", "ewstreet": "E 24th Avenue", "nsstreet": "Renfrew Street", "neighbourhoodname": "Renfrew-Collingwood", "neighbourhoodurl": "https://vancouver.ca/news-calendar/renfrew.aspx", "hectare": 5.89, "googlemapdest": {"lon": -123.044111, "lat": 49.247166}},{"parkid": 163, "name": "Grimmett Park", "official": 1, "advisories": "N", "specialfeatures": "N", "facilities": "N", "washrooms": "N", "streetnumber": "169", "streetname": "E 19th Avenue", "ewstreet": "E 19th Avenue", "nsstreet": "Quebec Street", "neighbourhoodname": "Riley Park", "neighbourhoodurl": "https://vancouver.ca/news-calendar/renfrew.aspx", "hectare": 0.24, "googlemapdest": {"lon": -123.102003, "lat": 49.253954}},{"parkid": 171, "name": "Kerrisdale Park", "official": 1, "advisories": "N", "specialfeatures": "N", "facilities": "Y", "washrooms": "N", "streetnumber": "5670", "streetname": "E Boulevard", "ewstreet": "W 39th Avenue", "nsstreet": "East Boulevard", "neighbourhoodname": "Shaughnessy", "neighbourhoodurl": "https://vancouver.ca/news-calendar/shaughnessy.aspx", "hectare": 2.99, "googlemapdest": {"lon": -123.152674, "lat": 49.235725}},{"parkid": 173, "name": "VanDusen Botanical Garden", "official": 1, "advisories": "N", "specialfeatures": "N", "facilities": "Y", "washrooms": "Y", "streetnumber": "5251", "streetname": "Oak Street", "ewstreet": "W 37th Avenue", "nsstreet": "Oak Street", "neighbourhoodname": "Shaughnessy", "neighbourhoodurl": "https://vancouver.ca/news-calendar/shaughnessy.aspx", "hectare": 22.29, "googlemapdest": {"lon": -123.131293, "lat": 49.239181}},{"parkid": 179, "name": "MacLean Park", "official": 1, "advisories": "N", "specialfeatures": "N", "facilities": "Y", "washrooms": "Y", "streetnumber": "710", "streetname": "Keefer Street", "ewstreet": "Keefer Street", "nsstreet": "Heatley Avenue", "neighbourhoodname": "Strathcona", "neighbourhoodurl": "https://vancouver.ca/news-calendar/strathcona.aspx", "hectare": 1.21, "googlemapdest": {"lon": -123.088396, "lat": 49.278838}},{"parkid": 182, "name": "Strathcona Linear Park", "official": 1, "advisories": "N", "specialfeatures": "N", "facilities": "Y", "washrooms": "N", "streetnumber": "787", "streetname": "Prior Street", "ewstreet": "Prior Street", "nsstreet": "Hawks Avenue", "neighbourhoodname": "Strathcona", "neighbourhoodurl": "https://vancouver.ca/news-calendar/strathcona.aspx", "hectare": 0.3, "googlemapdest": {"lon": -123.087485, "lat": 49.276983}},{"parkid": 184, "name": "George Park", "official": 1, "advisories": "N", "specialfeatures": "N", "facilities": "Y", "washrooms": "N", "streetnumber": "500", "streetname": "E 63rd Avenue", "ewstreet": "E 63rd Avenue", "nsstreet": "St. George Street", "neighbourhoodname": "Sunset", "neighbourhoodurl": "https://vancouver.ca/news-calendar/sunset.aspx", "hectare": 1.43, "googlemapdest": {"lon": -123.094228, "lat": 49.212608}},{"parkid": 186, "name": "Memorial South Park", "official": 1, "advisories": "N", "specialfeatures": "N", "facilities": "Y", "washrooms": "Y", "streetnumber": "5955", "streetname": "Ross Street", "ewstreet": "E 41st Avenue", "nsstreet": "Ross Street", "neighbourhoodname": "Sunset", "neighbourhoodurl": "https://vancouver.ca/news-calendar/sunset.aspx", "hectare": 13.59, "googlemapdest": {"lon": -123.085138, "lat": 49.230901}},{"parkid": 188, "name": "Ross Park", "official": 1, "advisories": "N", "specialfeatures": "N", "facilities": "Y", "washrooms": "Y", "streetnumber": "7402", "streetname": "Ross Street", "ewstreet": "E 59th Avenue", "nsstreet": "Ross Street", "neighbourhoodname": "Sunset", "neighbourhoodurl": "https://vancouver.ca/news-calendar/sunset.aspx", "hectare": 1.51, "googlemapdest": {"lon": -123.082351, "lat": 49.217276}},{"parkid": 192, "name": "Fraserview Park", "official": 1, "advisories": "N", "specialfeatures": "Y", "facilities": "Y", "washrooms": "N", "streetnumber": "7595", "streetname": "Victoria Drive", "ewstreet": "E 61st Avenue", "nsstreet": "Victoria Drive", "neighbourhoodname": "Victoria-Fraserview", "neighbourhoodurl": "https://vancouver.ca/news-calendar/victoria-fraserview.aspx", "hectare": 1.27, "googlemapdest": {"lon": -123.067572, "lat": 49.215398}},{"parkid": 194, "name": "Gordon Park", "official": 1, "advisories": "N", "specialfeatures": "N", "facilities": "Y", "washrooms": "Y", "streetnumber": "6675", "streetname": "Commercial Street", "ewstreet": "E 49th Avenue", "nsstreet": "Commercial Street", "neighbourhoodname": "Victoria-Fraserview", "neighbourhoodurl": "https://vancouver.ca/news-calendar/victoria-fraserview.aspx", "hectare": 6.51, "googlemapdest": {"lon": -123.070491, "lat": 49.22338}},{"parkid": 195, "name": "Humm Park", "official": 1, "advisories": "N", "specialfeatures": "N", "facilities": "Y", "washrooms": "N", "streetnumber": "7250", "streetname": "Humm Street", "ewstreet": "Upland Drive", "nsstreet": "Humm Street", "neighbourhoodname": "Victoria-Fraserview", "neighbourhoodurl": "https://vancouver.ca/news-calendar/victoria-fraserview.aspx", "hectare": 0.47, "googlemapdest": {"lon": -123.063266, "lat": 49.218698}},{"parkid": 201, "name": "English Bay Beach Park", "official": 1, "advisories": "N", "specialfeatures": "Y", "facilities": "Y", "washrooms": "Y", "streetnumber": "1700", "streetname": "Beach Avenue", "ewstreet": "Beach Avenue", "nsstreet": "Bidwell Street", "neighbourhoodname": "West End", "neighbourhoodurl": "https://vancouver.ca/news-calendar/west-end.aspx", "hectare": 9.83, "googlemapdest": {"lon": -123.143317, "lat": 49.287118}},{"parkid": 208, "name": "Rosemary Brown Park", "official": 0, "advisories": "N", "specialfeatures": "N", "facilities": "N", "washrooms": "N", "streetnumber": "2299", "streetname": "Redbud Lane", "ewstreet": "W 11th Avenue", "nsstreet": "Vine Street", "neighbourhoodname": "Kitsilano", "neighbourhoodurl": "https://vancouver.ca/news-calendar/kitsilano.aspx", "hectare": 0.12, "googlemapdest": {"lon": -123.157388, "lat": 49.261821}},{"parkid": 209, "name": "Langara Park", "official": 0, "advisories": "N", "specialfeatures": "N", "facilities": "N", "washrooms": "N", "streetnumber": "200", "streetname": "W 49th Avenue", "ewstreet": "W 49th Avenue", "nsstreet": "Columbia Street", "neighbourhoodname": "Oakridge", "neighbourhoodurl": "https://vancouver.ca/news-calendar/oakridge.aspx", "hectare": 1.21, "googlemapdest": {"lon": -123.111506, "lat": 49.225093}},{"parkid": 213, "name": "Park Site on Shaughnessy Street", "official": 0, "advisories": "N", "specialfeatures": "N", "facilities": "N", "washrooms": "N", "streetnumber": "9250", "streetname": "Shaughnessy Street", "ewstreet": "Shaughnessy Street", "nsstreet": null, "neighbourhoodname": "Marpole", "neighbourhoodurl": "https://vancouver.ca/news-calendar/marpole.aspx", "hectare": 0.56, "googlemapdest": {"lon": -123.125036, "lat": 49.202224}},{"parkid": 219, "name": "Locarno Park", "official": 1, "advisories": "N", "specialfeatures": "N", "facilities": "Y", "washrooms": "Y", "streetnumber": "4445", "streetname": "NW Marine Drive", "ewstreet": "NW Marine Drive", "nsstreet": "Trimble Street", "neighbourhoodname": "West Point Grey", "neighbourhoodurl": "https://vancouver.ca/news-calendar/point-grey.aspx", "hectare": 19.0, "googlemapdest": {"lon": -123.207284, "lat": 49.273015}},{"parkid": 235, "name": "Granville Island Water Park", "official": 0, "advisories": "N", "specialfeatures": "N", "facilities": "Y", "washrooms": "N", "streetnumber": "1348", "streetname": "Cartwright Street", "ewstreet": null, "nsstreet": null, "neighbourhoodname": "Fairview", "neighbourhoodurl": "https://vancouver.ca/news-calendar/fairview.aspx", "hectare": 0.0, "googlemapdest": {"lon": -123.135064, "lat": 49.26955}},{"parkid": 240, "name": "Hinge Park", "official": 0, "advisories": "N", "specialfeatures": "N", "facilities": "Y", "washrooms": "N", "streetnumber": "215", "streetname": "W 1st Avenue", "ewstreet": "W 1st Avenue", "nsstreet": "Columbia Street", "neighbourhoodname": "Mount Pleasant", "neighbourhoodurl": "https://vancouver.ca/news-calendar/mount-pleasant.aspx", "hectare": 0.95, "googlemapdest": {"lon": -123.110533, "lat": 49.270869}},{"parkid": 247, "name": "McAuley Park", "official": 1, "advisories": "N", "specialfeatures": "N", "facilities": "N", "washrooms": "N", "streetnumber": "699", "streetname": "Kingsway", "ewstreet": "Kingsway", "nsstreet": "Fraser Street", "neighbourhoodname": "Mount Pleasant", "neighbourhoodurl": "https://vancouver.ca/news-calendar/mount-pleasant.aspx", "hectare": 0.0, "googlemapdest": {"lon": -123.09, "lat": 49.256978}},{"parkid": 2, "name": "Carnarvon Park", "official": 1, "advisories": "N", "specialfeatures": "N", "facilities": "Y", "washrooms": "Y", "streetnumber": "2995", "streetname": "W 19th Avenue", "ewstreet": "W 19th Avenue", "nsstreet": "Mackenzie Street", "neighbourhoodname": "Arbutus-Ridge", "neighbourhoodurl": "https://vancouver.ca/news-calendar/arbutus-ridge.aspx", "hectare": 3.79, "googlemapdest": {"lon": -123.171406, "lat": 49.256555}},{"parkid": 5, "name": "Park Site on Quesnel Drive", "official": 0, "advisories": "N", "specialfeatures": "N", "facilities": "N", "washrooms": "N", "streetnumber": "4301", "streetname": "Quesnel Drive", "ewstreet": "Quesnel Drive", "nsstreet": "MacKenzie Street", "neighbourhoodname": "Arbutus-Ridge", "neighbourhoodurl": "https://vancouver.ca/news-calendar/arbutus-ridge.aspx", "hectare": 0.03, "googlemapdest": {"lon": -123.169948, "lat": 49.247623}},{"parkid": 7, "name": "Ravine Park", "official": 1, "advisories": "N", "specialfeatures": "N", "facilities": "N", "washrooms": "N", "streetnumber": "2159", "streetname": "W 36th Avenue", "ewstreet": "W 36th Avenue", "nsstreet": "Arbutus Street", "neighbourhoodname": "Arbutus-Ridge", "neighbourhoodurl": "https://vancouver.ca/news-calendar/arbutus-ridge.aspx", "hectare": 0.72, "googlemapdest": {"lon": -123.155935, "lat": 49.240902}},{"parkid": 9, "name": "Park Site on Trafalgar Street", "official": 0, "advisories": "N", "specialfeatures": "N", "facilities": "N", "washrooms": "N", "streetnumber": "4600", "streetname": "Trafalgar Street", "ewstreet": "W 31st Avenue", "nsstreet": "Trafalgar Street", "neighbourhoodname": "Arbutus-Ridge", "neighbourhoodurl": "https://vancouver.ca/news-calendar/arbutus-ridge.aspx", "hectare": 0.14, "googlemapdest": {"lon": -123.165105, "lat": 49.244396}},{"parkid": 11, "name": "Cardero Park", "official": 1, "advisories": "N", "specialfeatures": "Y", "facilities": "N", "washrooms": "N", "streetnumber": "1601", "streetname": "Bayshore Drive", "ewstreet": "Bayshore Drive", "nsstreet": "Cardero Street", "neighbourhoodname": "West End", "neighbourhoodurl": "https://vancouver.ca/news-calendar/west-end.aspx", "hectare": 0.33, "googlemapdest": {"lon": -123.128206, "lat": 49.292211}},{"parkid": 21, "name": "Harbour Green Park", "official": 1, "advisories": "N", "specialfeatures": "Y", "facilities": "Y", "washrooms": "Y", "streetnumber": "1199", "streetname": "W Cordova Street", "ewstreet": "W Cordova Street", "nsstreet": "Bute Street", "neighbourhoodname": "Downtown", "neighbourhoodurl": "https://vancouver.ca/news-calendar/downtown.aspx", "hectare": 3.1, "googlemapdest": {"lon": -123.121924, "lat": 49.290263}},{"parkid": 24, "name": "Marina Square", "official": 1, "advisories": "N", "specialfeatures": "Y", "facilities": "N", "washrooms": "N", "streetnumber": "1675", "streetname": "Bayshore Drive", "ewstreet": "Bayshore Drive", "nsstreet": "Denman Street", "neighbourhoodname": "Downtown", "neighbourhoodurl": "https://vancouver.ca/news-calendar/downtown.aspx", "hectare": 0.63, "googlemapdest": {"lon": -123.131296, "lat": 49.292334}},{"parkid": 26, "name": "Pioneer Place (Pigeon Park)", "official": 1, "advisories": "N", "specialfeatures": "N", "facilities": "N", "washrooms": "N", "streetnumber": "399", "streetname": "Carrall Street", "ewstreet": "W Hastings Street", "nsstreet": "Carrall Street", "neighbourhoodname": "Downtown", "neighbourhoodurl": "https://vancouver.ca/news-calendar/downtown.aspx", "hectare": 0.03, "googlemapdest": {"lon": -123.104588, "lat": 49.281699}},{"parkid": 28, "name": "CRAB Park at Portside", "official": 1, "advisories": "N", "specialfeatures": "N", "facilities": "Y", "washrooms": "Y", "streetnumber": "101", "streetname": "E Waterfront Road", "ewstreet": "E Waterfront Road", "nsstreet": "Main Street", "neighbourhoodname": "Downtown", "neighbourhoodurl": "https://vancouver.ca/news-calendar/downtown.aspx", "hectare": 3.31, "googlemapdest": {"lon": -123.102377, "lat": 49.284942}},{"parkid": 31, "name": "Victory Square", "official": 1, "advisories": "N", "specialfeatures": "N", "facilities": "N", "washrooms": "N", "streetnumber": "200", "streetname": "W Hastings Street", "ewstreet": "W Hastings Street", "nsstreet": "Cambie Street", "neighbourhoodname": "Downtown", "neighbourhoodurl": "https://vancouver.ca/news-calendar/downtown.aspx", "hectare": 0.39, "googlemapdest": {"lon": -123.110133, "lat": 49.282218}},{"parkid": 32, "name": "Wendy Poole Park", "official": 1, "advisories": "N", "specialfeatures": "N", "facilities": "N", "washrooms": "N", "streetnumber": "199", "streetname": "Alexander Street", "ewstreet": "Alexander Street", "nsstreet": "Main Street", "neighbourhoodname": "Downtown", "neighbourhoodurl": "https://vancouver.ca/news-calendar/downtown.aspx", "hectare": 0.04, "googlemapdest": {"lon": -123.099666, "lat": 49.284296}},{"parkid": 34, "name": "Balaclava Park", "official": 1, "advisories": "N", "specialfeatures": "N", "facilities": "Y", "washrooms": "Y", "streetnumber": "4594", "streetname": "Balaclava Street", "ewstreet": "W 29th Avenue", "nsstreet": "Balaclava Street", "neighbourhoodname": "Dunbar-Southlands", "neighbourhoodurl": "https://vancouver.ca/news-calendar/dunbar-southlands.aspx", "hectare": 5.0, "googlemapdest": {"lon": -123.175247, "lat": 49.244951}},{"parkid": 35, "name": "Park Site on Blenheim", "official": 1, "advisories": "N", "specialfeatures": "N", "facilities": "N", "washrooms": "N", "streetnumber": "3500", "streetname": "Quadra Street", "ewstreet": "W 19th Avenue", "nsstreet": "Quadra Street", "neighbourhoodname": "Arbutus-Ridge", "neighbourhoodurl": "https://vancouver.ca/news-calendar/arbutus-ridge.aspx", "hectare": 0.07, "googlemapdest": {"lon": -123.178934, "lat": 49.255575}},{"parkid": 39, "name": "Memorial West Park", "official": 1, "advisories": "N", "specialfeatures": "N", "facilities": "Y", "washrooms": "Y", "streetnumber": "4701", "streetname": "Dunbar Street", "ewstreet": "W 31st Avenue", "nsstreet": "Dunbar Street", "neighbourhoodname": "Dunbar-Southlands", "neighbourhoodurl": "https://vancouver.ca/news-calendar/dunbar-southlands.aspx", "hectare": 7.49, "googlemapdest": {"lon": -123.188166, "lat": 49.243326}},{"parkid": 43, "name": "Charleson Park", "official": 1, "advisories": "N", "specialfeatures": "Y", "facilities": "Y", "washrooms": "N", "streetnumber": "999", "streetname": "Charleson Street", "ewstreet": "Charleson Street", "nsstreet": "Laurel Street", "neighbourhoodname": "Fairview", "neighbourhoodurl": "https://vancouver.ca/news-calendar/fairview.aspx", "hectare": 7.14, "googlemapdest": {"lon": -123.1242, "lat": 49.266995}},{"parkid": 44, "name": "Granville Park", "official": 1, "advisories": "N", "specialfeatures": "N", "facilities": "Y", "washrooms": "Y", "streetnumber": "3001", "streetname": "Fir Street", "ewstreet": "W 14th Avenue", "nsstreet": "Fir Street", "neighbourhoodname": "Fairview", "neighbourhoodurl": "https://vancouver.ca/news-calendar/fairview.aspx", "hectare": 1.96, "googlemapdest": {"lon": -123.142395, "lat": 49.258105}},{"parkid": 47, "name": "Sutcliffe Park", "official": 1, "advisories": "N", "specialfeatures": "Y", "facilities": "Y", "washrooms": "N", "streetnumber": "1318", "streetname": "Cartwright Street", "ewstreet": "Island Park Walk", "nsstreet": "Old Bridge Walk", "neighbourhoodname": "Fairview", "neighbourhoodurl": "https://vancouver.ca/news-calendar/fairview.aspx", "hectare": 2.88, "googlemapdest": {"lon": -123.134832, "lat": 49.268871}},{"parkid": 57, "name": "Pandora Park", "official": 1, "advisories": "N", "specialfeatures": "N", "facilities": "Y", "washrooms": "Y", "streetnumber": "2325", "streetname": "Franklin Street", "ewstreet": "Franklin Street", "nsstreet": "Garden Drive", "neighbourhoodname": "Grandview-Woodland", "neighbourhoodurl": "https://vancouver.ca/news-calendar/grandview-woodland.aspx", "hectare": 1.66, "googlemapdest": {"lon": -123.058045, "lat": 49.282533}},{"parkid": 58, "name": "Salsbury Park", "official": 1, "advisories": "N", "specialfeatures": "N", "facilities": "N", "washrooms": "N", "streetnumber": "1806", "streetname": "Adanac Street", "ewstreet": "Adanac Street", "nsstreet": "Salsbury Drive", "neighbourhoodname": "Grandview-Woodland", "neighbourhoodurl": "https://vancouver.ca/news-calendar/grandview-woodland.aspx", "hectare": 0.17, "googlemapdest": {"lon": -123.067926, "lat": 49.277291}},{"parkid": 61, "name": "Park Site on Trinity Street", "official": 1, "advisories": "N", "specialfeatures": "N", "facilities": "N", "washrooms": "N", "streetnumber": "2303", "streetname": "Wall Street", "ewstreet": "Trinity Street", "nsstreet": "Wall Street", "neighbourhoodname": "Hastings-Sunrise", "neighbourhoodurl": "https://vancouver.ca/news-calendar/hastings-sunrise.aspx", "hectare": 0.1, "googlemapdest": {"lon": -123.059459, "lat": 49.289561}},{"parkid": 62, "name": "Victoria Park", "official": 1, "advisories": "N", "specialfeatures": "N", "facilities": "Y", "washrooms": "Y", "streetnumber": "1425", "streetname": "Victoria Drive", "ewstreet": "Kitchener Street", "nsstreet": "Victoria Drive", "neighbourhoodname": "Grandview-Woodland", "neighbourhoodurl": "https://vancouver.ca/news-calendar/grandview-woodland.aspx", "hectare": 0.89, "googlemapdest": {"lon": -123.06673, "lat": 49.271694}},{"parkid": 63, "name": "W.C. Shelly Park", "official": 1, "advisories": "N", "specialfeatures": "N", "facilities": "Y", "washrooms": "N", "streetnumber": "1500", "streetname": "E 8th Avenue", "ewstreet": "E 8th Avenue", "nsstreet": "Woodland Drive", "neighbourhoodname": "Grandview-Woodland", "neighbourhoodurl": "https://vancouver.ca/news-calendar/grandview-woodland.aspx", "hectare": 0.3, "googlemapdest": {"lon": -123.072931, "lat": 49.263034}},{"parkid": 67, "name": "Burrard View Park", "official": 1, "advisories": "N", "specialfeatures": "N", "facilities": "Y", "washrooms": "Y", "streetnumber": "650", "streetname": "North Penticton Street", "ewstreet": "Wall Street", "nsstreet": "N Penticton Street", "neighbourhoodname": "Hastings-Sunrise", "neighbourhoodurl": "https://vancouver.ca/news-calendar/hastings-sunrise.aspx", "hectare": 2.76, "googlemapdest": {"lon": -123.050513, "lat": 49.291253}},{"parkid": 69, "name": "Charles Park", "official": 1, "advisories": "N", "specialfeatures": "N", "facilities": "N", "washrooms": "N", "streetnumber": "3400", "streetname": "Charles Street", "ewstreet": "Charles Street", "nsstreet": "Kootenay Street", "neighbourhoodname": "Hastings-Sunrise", "neighbourhoodurl": "https://vancouver.ca/news-calendar/hastings-sunrise.aspx", "hectare": 1.55, "googlemapdest": {"lon": -123.027661, "lat": 49.273407}},{"parkid": 71, "name": "Dusty Greenwell Park", "official": 1, "advisories": "N", "specialfeatures": "N", "facilities": "Y", "washrooms": "N", "streetnumber": "2799", "streetname": "Wall Street", "ewstreet": "Wall Street", "nsstreet": "North Kaslo Street", "neighbourhoodname": "Hastings-Sunrise", "neighbourhoodurl": "https://vancouver.ca/news-calendar/hastings-sunrise.aspx", "hectare": 0.44, "googlemapdest": {"lon": -123.047643, "lat": 49.292113}},{"parkid": 73, "name": "Hastings Community Park", "official": 1, "advisories": "N", "specialfeatures": "N", "facilities": "Y", "washrooms": "Y", "streetnumber": "3000", "streetname": "E Pender Street", "ewstreet": "E Pender Street", "nsstreet": "E Hastings Street", "neighbourhoodname": "Hastings-Sunrise", "neighbourhoodurl": "https://vancouver.ca/news-calendar/hastings-sunrise.aspx", "hectare": 4.19, "googlemapdest": {"lon": -123.038884, "lat": 49.280637}},{"parkid": 80, "name": "Cedar Cottage Park", "official": 1, "advisories": "N", "specialfeatures": "N", "facilities": "Y", "washrooms": "N", "streetnumber": "2650", "streetname": "Clark Drive", "ewstreet": "E 11th Avenue", "nsstreet": "Clark Drive", "neighbourhoodname": "Kensington-Cedar Cottage", "neighbourhoodurl": "https://vancouver.ca/news-calendar/kensington-cedar-cottage.aspx", "hectare": 0.47, "googlemapdest": {"lon": -123.076605, "lat": 49.260807}},{"parkid": 87, "name": "Kensington Park", "official": 1, "advisories": "N", "specialfeatures": "N", "facilities": "Y", "washrooms": "N", "streetnumber": "5175", "streetname": "Dumfries Street", "ewstreet": "E 37th Avenue", "nsstreet": "Dumfries Street", "neighbourhoodname": "Kensington-Cedar Cottage", "neighbourhoodurl": "https://vancouver.ca/news-calendar/kensington-cedar-cottage.aspx", "hectare": 5.84, "googlemapdest": {"lon": -123.075308, "lat": 49.238478}},{"parkid": 89, "name": "Sunnyside Park", "official": 1, "advisories": "N", "specialfeatures": "N", "facilities": "Y", "washrooms": "N", "streetnumber": "1100", "streetname": "E 17th Avenue", "ewstreet": "E 17th Avenue", "nsstreet": "Inverness Street", "neighbourhoodname": "Kensington-Cedar Cottage", "neighbourhoodurl": "https://vancouver.ca/news-calendar/kensington-cedar-cottage.aspx", "hectare": 0.97, "googlemapdest": {"lon": -123.080752, "lat": 49.254924}},{"parkid": 90, "name": "Arbutus Park", "official": 1, "advisories": "N", "specialfeatures": "N", "facilities": "Y", "washrooms": "N", "streetnumber": "7601", "streetname": "Arbutus Street", "ewstreet": "SW Marine Drive", "nsstreet": "Arbutus Street", "neighbourhoodname": "Kerrisdale", "neighbourhoodurl": "https://vancouver.ca/news-calendar/kerrisdale.aspx", "hectare": 0.74, "googlemapdest": {"lon": -123.15513, "lat": 49.21659}},{"parkid": 91, "name": "Elm Park", "official": 1, "advisories": "N", "specialfeatures": "N", "facilities": "Y", "washrooms": "Y", "streetnumber": "5800", "streetname": "Elm Street", "ewstreet": "W 41st Avenue", "nsstreet": "Elm Street", "neighbourhoodname": "Kerrisdale", "neighbourhoodurl": "https://vancouver.ca/news-calendar/kerrisdale.aspx", "hectare": 1.49, "googlemapdest": {"lon": -123.163488, "lat": 49.233847}},{"parkid": 93, "name": "Kerrisdale Centennial Park", "official": 1, "advisories": "N", "specialfeatures": "N", "facilities": "Y", "washrooms": "N", "streetnumber": "5898", "streetname": "Yew Street", "ewstreet": "W 42nd Avenue", "nsstreet": "Yew Street", "neighbourhoodname": "Kerrisdale", "neighbourhoodurl": "https://vancouver.ca/news-calendar/kerrisdale.aspx", "hectare": 1.53, "googlemapdest": {"lon": -123.158043, "lat": 49.233094}},{"parkid": 97, "name": "McCleery Park", "official": 1, "advisories": "N", "specialfeatures": "N", "facilities": "N", "washrooms": "N", "streetnumber": "6501", "streetname": "Marine Crescent", "ewstreet": "W 49th Avenue", "nsstreet": "Marine Crescent", "neighbourhoodname": "Kerrisdale", "neighbourhoodurl": "https://vancouver.ca/news-calendar/kerrisdale.aspx", "hectare": 0.25, "googlemapdest": {"lon": -123.164155, "lat": 49.226973}},{"parkid": 101, "name": "Everett Crowley Park", "official": 1, "advisories": "N", "specialfeatures": "N", "facilities": "Y", "washrooms": "N", "streetnumber": "8200", "streetname": "Kerr Street", "ewstreet": "SE Marine Drive", "nsstreet": "Kerr Street", "neighbourhoodname": "Killarney", "neighbourhoodurl": "https://vancouver.ca/news-calendar/killarney.aspx", "hectare": 38.08, "googlemapdest": {"lon": -123.036321, "lat": 49.210985}},{"parkid": 103, "name": "Killarney Park", "official": 1, "advisories": "N", "specialfeatures": "N", "facilities": "Y", "washrooms": "N", "streetnumber": "6205", "streetname": "Kerr Street", "ewstreet": "Waverley Street", "nsstreet": "Kerr Street", "neighbourhoodname": "Killarney", "neighbourhoodurl": "https://vancouver.ca/news-calendar/killarney.aspx", "hectare": 13.36, "googlemapdest": {"lon": -123.04413, "lat": 49.227998}},{"parkid": 105, "name": "Sparwood Park", "official": 1, "advisories": "N", "specialfeatures": "N", "facilities": "Y", "washrooms": "N", "streetnumber": "6998", "streetname": "Arlington Street", "ewstreet": "Whithorn Court", "nsstreet": "Arlington Street", "neighbourhoodname": "Killarney", "neighbourhoodurl": "https://vancouver.ca/news-calendar/killarney.aspx", "hectare": 3.6, "googlemapdest": {"lon": -123.028777, "lat": 49.220024}},{"parkid": 109, "name": "Delamont Park", "official": 1, "advisories": "N", "specialfeatures": "N", "facilities": "Y", "washrooms": "N", "streetnumber": "2091", "streetname": "W 7th Avenue", "ewstreet": "W 7th Avenue", "nsstreet": "Arbutus Street", "neighbourhoodname": "Kitsilano", "neighbourhoodurl": "https://vancouver.ca/news-calendar/kitsilano.aspx", "hectare": 0.22, "googlemapdest": {"lon": -123.152426, "lat": 49.265808}},{"parkid": 111, "name": "Jean Beaty Park", "official": 1, "advisories": "N", "specialfeatures": "N", "facilities": "N", "washrooms": "N", "streetnumber": "3393", "streetname": "Point Grey Road", "ewstreet": "Point Grey Road", "nsstreet": "Waterloo Street", "neighbourhoodname": "West Point Grey", "neighbourhoodurl": "https://vancouver.ca/news-calendar/point-grey.aspx", "hectare": 0.04, "googlemapdest": {"lon": -123.179433, "lat": 49.271913}},{"parkid": 118, "name": "Seaforth Peace Park", "official": 1, "advisories": "N", "specialfeatures": "N", "facilities": "N", "washrooms": "N", "streetnumber": "1620", "streetname": "Chestnut Street", "ewstreet": "Cornwall Avenue", "nsstreet": "Chestnut Street", "neighbourhoodname": "Kitsilano", "neighbourhoodurl": "https://vancouver.ca/news-calendar/kitsilano.aspx", "hectare": 0.74, "googlemapdest": {"lon": -123.145967, "lat": 49.271554}},{"parkid": 119, "name": "Tatlow Park", "official": 1, "advisories": "N", "specialfeatures": "N", "facilities": "Y", "washrooms": "Y", "streetnumber": "2845", "streetname": "W 3rd Avenue", "ewstreet": "Point Grey Road", "nsstreet": "Point Grey Road", "neighbourhoodname": "Kitsilano", "neighbourhoodurl": "https://vancouver.ca/news-calendar/kitsilano.aspx", "hectare": 1.4, "googlemapdest": {"lon": -123.169609, "lat": 49.270068}},{"parkid": 123, "name": "Eburne Park", "official": 1, "advisories": "N", "specialfeatures": "N", "facilities": "Y", "washrooms": "N", "streetnumber": "950", "streetname": "W 71st Avenue", "ewstreet": "W 71st Avenue", "nsstreet": "Oak Street", "neighbourhoodname": "Marpole", "neighbourhoodurl": "https://vancouver.ca/news-calendar/marpole.aspx", "hectare": 0.9, "googlemapdest": {"lon": -123.129241, "lat": 49.206517}},{"parkid": 124, "name": "Marpole Park", "official": 1, "advisories": "N", "specialfeatures": "N", "facilities": "Y", "washrooms": "N", "streetnumber": "1410", "streetname": "W 72nd Avenue", "ewstreet": "W 72nd Avenue", "nsstreet": "Cartier Street", "neighbourhoodname": "Marpole", "neighbourhoodurl": "https://vancouver.ca/news-calendar/marpole.aspx", "hectare": 0.27, "googlemapdest": {"lon": -123.138307, "lat": 49.205507}},{"parkid": 127, "name": "Riverview Park", "official": 1, "advisories": "N", "specialfeatures": "N", "facilities": "Y", "washrooms": "N", "streetnumber": "1751", "streetname": "W 66th Avenue", "ewstreet": "W 66th Avenue", "nsstreet": "Angus Drive", "neighbourhoodname": "Marpole", "neighbourhoodurl": "https://vancouver.ca/news-calendar/marpole.aspx", "hectare": 2.38, "googlemapdest": {"lon": -123.147342, "lat": 49.212238}},{"parkid": 130, "name": "William Mackie Park", "official": 1, "advisories": "N", "specialfeatures": "N", "facilities": "Y", "washrooms": "N", "streetnumber": "1592", "streetname": "W 71st Avenue", "ewstreet": "W 71st Avenue", "nsstreet": "SW Marine Drive", "neighbourhoodname": "Marpole", "neighbourhoodurl": "https://vancouver.ca/news-calendar/marpole.aspx", "hectare": 0.37, "googlemapdest": {"lon": -123.142733, "lat": 49.206787}},{"parkid": 133, "name": "China Creek North Park", "official": 1, "advisories": "N", "specialfeatures": "N", "facilities": "Y", "washrooms": "N", "streetnumber": "1001", "streetname": "E 7th Avenue", "ewstreet": "E 7th Avenue", "nsstreet": "Glen Drive", "neighbourhoodname": "Mount Pleasant", "neighbourhoodurl": "https://vancouver.ca/news-calendar/mount-pleasant.aspx", "hectare": 3.16, "googlemapdest": {"lon": -123.083355, "lat": 49.264901}},{"parkid": 134, "name": "China Creek South Park", "official": 1, "advisories": "N", "specialfeatures": "N", "facilities": "Y", "washrooms": "N", "streetnumber": "1255", "streetname": "E 10th Avenue", "ewstreet": "E 10th Avenue", "nsstreet": "Clark Drive", "neighbourhoodname": "Mount Pleasant", "neighbourhoodurl": "https://vancouver.ca/news-calendar/mount-pleasant.aspx", "hectare": 1.47, "googlemapdest": {"lon": -123.079352, "lat": 49.261581}},{"parkid": 138, "name": "Major Matthews Park", "official": 1, "advisories": "N", "specialfeatures": "N", "facilities": "Y", "washrooms": "N", "streetnumber": "2627", "streetname": "Manitoba Street", "ewstreet": "W 11th Avenue", "nsstreet": "Manitoba Street", "neighbourhoodname": "Mount Pleasant", "neighbourhoodurl": "https://vancouver.ca/news-calendar/mount-pleasant.aspx", "hectare": 0.06, "googlemapdest": {"lon": -123.107238, "lat": 49.26158}},{"parkid": 139, "name": "Mount Pleasant Park", "official": 1, "advisories": "N", "specialfeatures": "N", "facilities": "Y", "washrooms": "N", "streetnumber": "3161", "streetname": "Ontario Street", "ewstreet": "W 16th Avenue", "nsstreet": "Ontario Street", "neighbourhoodname": "Mount Pleasant", "neighbourhoodurl": "https://vancouver.ca/news-calendar/mount-pleasant.aspx", "hectare": 1.12, "googlemapdest": {"lon": -123.106743, "lat": 49.25696}},{"parkid": 140, "name": "Robson Park", "official": 1, "advisories": "N", "specialfeatures": "N", "facilities": "Y", "washrooms": "Y", "streetnumber": "599", "streetname": "Kingsway", "ewstreet": "Kingsway", "nsstreet": "St. George Street", "neighbourhoodname": "Mount Pleasant", "neighbourhoodurl": "https://vancouver.ca/news-calendar/mount-pleasant.aspx", "hectare": 1.56, "googlemapdest": {"lon": -123.091798, "lat": 49.258229}},{"parkid": 141, "name": "Tea Swamp Park", "official": 1, "advisories": "N", "specialfeatures": "N", "facilities": "Y", "washrooms": "N", "streetnumber": "266", "streetname": "E 15th Avenue", "ewstreet": "E 15th Avenue", "nsstreet": "Sophia Street", "neighbourhoodname": "Mount Pleasant", "neighbourhoodurl": "https://vancouver.ca/news-calendar/mount-pleasant.aspx", "hectare": 0.09, "googlemapdest": {"lon": -123.098595, "lat": 49.257091}},{"parkid": 142, "name": "Cambie Park", "official": 1, "advisories": "N", "specialfeatures": "N", "facilities": "N", "washrooms": "N", "streetnumber": "500", "streetname": "W 54th Avenue", "ewstreet": "W 54th Avenue", "nsstreet": "Cambie Street", "neighbourhoodname": "Oakridge", "neighbourhoodurl": "https://vancouver.ca/news-calendar/oakridge.aspx", "hectare": 0.93, "googlemapdest": {"lon": -123.117988, "lat": 49.221411}},{"parkid": 143, "name": "Columbia Park", "official": 1, "advisories": "N", "specialfeatures": "N", "facilities": "Y", "washrooms": "Y", "streetnumber": "5908", "streetname": "Alberta Street", "ewstreet": "W 42nd Avenue", "nsstreet": "Alberta Street", "neighbourhoodname": "Oakridge", "neighbourhoodurl": "https://vancouver.ca/news-calendar/oakridge.aspx", "hectare": 2.78, "googlemapdest": {"lon": -123.111978, "lat": 49.231521}},{"parkid": 145, "name": "Langara Golf Course", "official": 1, "advisories": "N", "specialfeatures": "N", "facilities": "Y", "washrooms": "N", "streetnumber": "6706", "streetname": "Alberta Street", "ewstreet": "W 49th Avenue", "nsstreet": "Alberta Street", "neighbourhoodname": "South Cambie", "neighbourhoodurl": "https://vancouver.ca/news-calendar/south-cambie.aspx", "hectare": 48.57, "googlemapdest": {"lon": -123.11211, "lat": 49.221371}},{"parkid": 150, "name": "Carleton Park", "official": 1, "advisories": "N", "specialfeatures": "N", "facilities": "Y", "washrooms": "N", "streetnumber": "3450", "streetname": "Price Street", "ewstreet": "Price Street", "nsstreet": "Joyce Street", "neighbourhoodname": "Renfrew-Collingwood", "neighbourhoodurl": "https://vancouver.ca/news-calendar/renfrew.aspx", "hectare": 0.68, "googlemapdest": {"lon": -123.030451, "lat": 49.242002}},{"parkid": 152, "name": "Earles Park", "official": 1, "advisories": "N", "specialfeatures": "N", "facilities": "Y", "washrooms": "N", "streetnumber": "2801", "streetname": "E 41st Avenue", "ewstreet": "E 41st Avenue", "nsstreet": "Earles Street", "neighbourhoodname": "Renfrew-Collingwood", "neighbourhoodurl": "https://vancouver.ca/news-calendar/renfrew.aspx", "hectare": 1.59, "googlemapdest": {"lon": -123.047702, "lat": 49.233476}},{"parkid": 153, "name": "Falaise Park", "official": 1, "advisories": "N", "specialfeatures": "N", "facilities": "Y", "washrooms": "Y", "streetnumber": "3434", "streetname": "Falaise Avenue", "ewstreet": "Worthington Drive", "nsstreet": "Falaise Avenue", "neighbourhoodname": "Renfrew-Collingwood", "neighbourhoodurl": "https://vancouver.ca/news-calendar/renfrew.aspx", "hectare": 7.57, "googlemapdest": {"lon": -123.031631, "lat": 49.256485}},{"parkid": 154, "name": "Foster Park", "official": 1, "advisories": "N", "specialfeatures": "N", "facilities": "Y", "washrooms": "N", "streetnumber": "5501", "streetname": "Aberdeen Street", "ewstreet": "Foster Avenue", "nsstreet": "Aberdeen Street", "neighbourhoodname": "Renfrew-Collingwood", "neighbourhoodurl": "https://vancouver.ca/news-calendar/renfrew.aspx", "hectare": 0.29, "googlemapdest": {"lon": -123.028741, "lat": 49.234046}},{"parkid": 155, "name": "Gaston Park", "official": 1, "advisories": "N", "specialfeatures": "N", "facilities": "Y", "washrooms": "N", "streetnumber": "3470", "streetname": "Crowley Drive", "ewstreet": "Crowley Drive", "nsstreet": "Tyne Street", "neighbourhoodname": "Renfrew-Collingwood", "neighbourhoodurl": "https://vancouver.ca/news-calendar/renfrew.aspx", "hectare": 1.5, "googlemapdest": {"lon": -123.031094, "lat": 49.236117}},{"parkid": 161, "name": "Slocan Park", "official": 1, "advisories": "N", "specialfeatures": "N", "facilities": "Y", "washrooms": "Y", "streetnumber": "2750", "streetname": "E 29th Avenue", "ewstreet": "E 29th Avenue", "nsstreet": "Slocan Street", "neighbourhoodname": "Renfrew-Collingwood", "neighbourhoodurl": "https://vancouver.ca/news-calendar/renfrew.aspx", "hectare": 4.14, "googlemapdest": {"lon": -123.047574, "lat": 49.243921}},{"parkid": 164, "name": "Hillcrest Park", "official": 1, "advisories": "N", "specialfeatures": "N", "facilities": "Y", "washrooms": "N", "streetnumber": "4501", "streetname": "Clancy Loranger Way", "ewstreet": "Midlothian Avenue", "nsstreet": "Clancy Loranger Way", "neighbourhoodname": "Riley Park", "neighbourhoodurl": "https://vancouver.ca/news-calendar/renfrew.aspx", "hectare": 7.51, "googlemapdest": {"lon": -123.108417, "lat": 49.244734}},{"parkid": 166, "name": "Prince Edward Park", "official": 1, "advisories": "N", "specialfeatures": "N", "facilities": "Y", "washrooms": "Y", "streetnumber": "3773", "streetname": "Prince Edward Street", "ewstreet": "E 21st Avenue", "nsstreet": "Prince Edward Street", "neighbourhoodname": "Riley Park", "neighbourhoodurl": "https://vancouver.ca/news-calendar/renfrew.aspx", "hectare": 1.21, "googlemapdest": {"lon": -123.0971535, "lat": 49.2512273}},{"parkid": 167, "name": "Queen Elizabeth Park", "official": 1, "advisories": "N", "specialfeatures": "N", "facilities": "Y", "washrooms": "Y", "streetnumber": "4600", "streetname": "Cambie Street", "ewstreet": "W 29th Avenue", "nsstreet": "Cambie Street", "neighbourhoodname": "Riley Park", "neighbourhoodurl": "https://vancouver.ca/news-calendar/renfrew.aspx", "hectare": 52.98, "googlemapdest": {"lon": -123.112028, "lat": 49.240978}},{"parkid": 168, "name": "Riley Park", "official": 1, "advisories": "N", "specialfeatures": "N", "facilities": "Y", "washrooms": "N", "streetnumber": "50", "streetname": "E 30th Avenue", "ewstreet": "E 30th Avenue", "nsstreet": "Ontario Street", "neighbourhoodname": "Riley Park", "neighbourhoodurl": "https://vancouver.ca/news-calendar/renfrew.aspx", "hectare": 2.7, "googlemapdest": {"lon": -123.104361, "lat": 49.241987}},{"parkid": 169, "name": "Angus Park", "official": 1, "advisories": "N", "specialfeatures": "N", "facilities": "N", "washrooms": "N", "streetnumber": "3600", "streetname": "Angus Drive", "ewstreet": "Alexandra Street", "nsstreet": "Angus Drive", "neighbourhoodname": "Shaughnessy", "neighbourhoodurl": "https://vancouver.ca/news-calendar/shaughnessy.aspx", "hectare": 1.0, "googlemapdest": {"lon": -123.143816, "lat": 49.253932}},{"parkid": 170, "name": "Devonshire Park", "official": 1, "advisories": "N", "specialfeatures": "N", "facilities": "N", "washrooms": "N", "streetnumber": "1250", "streetname": "Devonshire Crescent", "ewstreet": "Devonshire Crescent", "nsstreet": "Selkirk Street", "neighbourhoodname": "Shaughnessy", "neighbourhoodurl": "https://vancouver.ca/news-calendar/shaughnessy.aspx", "hectare": 1.53, "googlemapdest": {"lon": -123.13364, "lat": 49.24502}},{"parkid": 174, "name": "Braemar Park", "official": 1, "advisories": "N", "specialfeatures": "N", "facilities": "Y", "washrooms": "Y", "streetnumber": "895", "streetname": "W 27th Avenue", "ewstreet": "W 27th Avenue", "nsstreet": "Willow Street", "neighbourhoodname": "South Cambie", "neighbourhoodurl": "https://vancouver.ca/news-calendar/south-cambie.aspx", "hectare": 1.26, "googlemapdest": {"lon": -123.12363, "lat": 49.247615}},{"parkid": 175, "name": "Douglas Park", "official": 1, "advisories": "N", "specialfeatures": "N", "facilities": "Y", "washrooms": "N", "streetnumber": "801", "streetname": "W 22nd Avenue", "ewstreet": "W 22nd Avenue", "nsstreet": "Heather Street", "neighbourhoodname": "South Cambie", "neighbourhoodurl": "https://vancouver.ca/news-calendar/south-cambie.aspx", "hectare": 5.32, "googlemapdest": {"lon": -123.122225, "lat": 49.252493}},{"parkid": 177, "name": "Heather Park", "official": 1, "advisories": "N", "specialfeatures": "N", "facilities": "Y", "washrooms": "N", "streetnumber": "702", "streetname": "W 18th Avenue", "ewstreet": "W 18th Avenue", "nsstreet": "Heather Street", "neighbourhoodname": "South Cambie", "neighbourhoodurl": "https://vancouver.ca/news-calendar/south-cambie.aspx", "hectare": 0.98, "googlemapdest": {"lon": -123.121103, "lat": 49.254765}},{"parkid": 181, "name": "Strathcona Park", "official": 1, "advisories": "N", "specialfeatures": "N", "facilities": "Y", "washrooms": "Y", "streetnumber": "857", "streetname": "Malkin Avenue", "ewstreet": "Malkin Avenue", "nsstreet": "Hawks Avenue", "neighbourhoodname": "Strathcona", "neighbourhoodurl": "https://vancouver.ca/news-calendar/strathcona.aspx", "hectare": 10.07, "googlemapdest": {"lon": -123.084674, "lat": 49.275276}},{"parkid": 183, "name": "Thornton Park", "official": 1, "advisories": "N", "specialfeatures": "N", "facilities": "N", "washrooms": "N", "streetnumber": "1166", "streetname": "Main Street", "ewstreet": "Terminal Avenue", "nsstreet": "Main Street", "neighbourhoodname": "Strathcona", "neighbourhoodurl": "https://vancouver.ca/news-calendar/strathcona.aspx", "hectare": 1.49, "googlemapdest": {"lon": -123.099212, "lat": 49.273946}},{"parkid": 193, "name": "Gladstone-Riverside Park", "official": 1, "advisories": "N", "specialfeatures": "N", "facilities": "N", "washrooms": "N", "streetnumber": "2500", "streetname": "E Kent Street S", "ewstreet": "E Kent Street S", "nsstreet": "Nanaimo Street", "neighbourhoodname": "Victoria-Fraserview", "neighbourhoodurl": "https://vancouver.ca/news-calendar/victoria-fraserview.aspx", "hectare": 1.07, "googlemapdest": {"lon": -123.056883, "lat": 49.205532}},{"parkid": 196, "name": "Nanaimo Park", "official": 1, "advisories": "N", "specialfeatures": "N", "facilities": "Y", "washrooms": "Y", "streetnumber": "2390", "streetname": "E 46th Avenue", "ewstreet": "E 46th Avenue", "nsstreet": "Nanaimo Street", "neighbourhoodname": "Victoria-Fraserview", "neighbourhoodurl": "https://vancouver.ca/news-calendar/victoria-fraserview.aspx", "hectare": 2.91, "googlemapdest": {"lon": -123.057508, "lat": 49.227724}},{"parkid": 197, "name": "Riverfront Park", "official": 1, "advisories": "N", "specialfeatures": "N", "facilities": "Y", "washrooms": "Y", "streetnumber": "2750", "streetname": "E Kent Ave S", "ewstreet": "E Kent Ave S", "nsstreet": "Elliott Street", "neighbourhoodname": "Killarney", "neighbourhoodurl": "https://vancouver.ca/news-calendar/killarney.aspx", "hectare": 4.01, "googlemapdest": {"lon": -123.04575, "lat": 49.205951}},{"parkid": 199, "name": "Alexandra Park", "official": 1, "advisories": "N", "specialfeatures": "N", "facilities": "N", "washrooms": "N", "streetnumber": "1755", "streetname": "Beach Avenue", "ewstreet": "Beach Avenue", "nsstreet": "Bidwell Street", "neighbourhoodname": "West End", "neighbourhoodurl": "https://vancouver.ca/news-calendar/west-end.aspx", "hectare": 0.55, "googlemapdest": {"lon": -123.14223, "lat": 49.28546}},{"parkid": 200, "name": "Barclay Heritage Square", "official": 1, "advisories": "N", "specialfeatures": "N", "facilities": "N", "washrooms": "Y", "streetnumber": "1433", "streetname": "Barclay Street", "ewstreet": "Barclay Street", "nsstreet": "Nicola Street", "neighbourhoodname": "West End", "neighbourhoodurl": "https://vancouver.ca/news-calendar/west-end.aspx", "hectare": 0.56, "googlemapdest": {"lon": -123.132167, "lat": 49.28718}},{"parkid": 204, "name": "Rosemont Park", "official": 0, "advisories": "N", "specialfeatures": "N", "facilities": "N", "washrooms": "N", "streetnumber": "3101", "streetname": "Rosemont Drive", "ewstreet": "Rosemont Drive", "nsstreet": "Kerr Street", "neighbourhoodname": "Killarney", "neighbourhoodurl": "https://vancouver.ca/news-calendar/killarney.aspx", "hectare": 1.36, "googlemapdest": {"lon": -123.040816, "lat": 49.215746}},{"parkid": 207, "name": "Sunset Beach Park", "official": 1, "advisories": "N", "specialfeatures": "Y", "facilities": "Y", "washrooms": "Y", "streetnumber": "1204", "streetname": "Beach Avenue", "ewstreet": "Beach Avenue", "nsstreet": "Bute Street", "neighbourhoodname": "West End", "neighbourhoodurl": "https://vancouver.ca/news-calendar/west-end.aspx", "hectare": 3.61, "googlemapdest": {"lon": -123.139681, "lat": 49.281211}},{"parkid": 212, "name": "Sahalli Park", "official": 0, "advisories": "N", "specialfeatures": "N", "facilities": "N", "washrooms": "N", "streetnumber": "2300", "streetname": "Fraser Street", "ewstreet": "E 7th Avenue", "nsstreet": "Fraser Street", "neighbourhoodname": "Mount Pleasant", "neighbourhoodurl": "https://vancouver.ca/news-calendar/mount-pleasant.aspx", "hectare": 0.06, "googlemapdest": {"lon": -123.089121, "lat": 49.263885}},{"parkid": 217, "name": "Hastings Mill Park", "official": 1, "advisories": "N", "specialfeatures": "N", "facilities": "Y", "washrooms": "N", "streetnumber": "1575", "streetname": "Alma Street", "ewstreet": "Point Grey Road", "nsstreet": "Alma Street", "neighbourhoodname": "West Point Grey", "neighbourhoodurl": "https://vancouver.ca/news-calendar/point-grey.aspx", "hectare": 1.23, "googlemapdest": {"lon": -123.186689, "lat": 49.27279}},{"parkid": 218, "name": "Jericho Beach Park", "official": 1, "advisories": "N", "specialfeatures": "N", "facilities": "Y", "washrooms": "Y", "streetnumber": "3941", "streetname": "Point Grey Road", "ewstreet": "Point Grey Road", "nsstreet": "Wallace Street", "neighbourhoodname": "West Point Grey", "neighbourhoodurl": "https://vancouver.ca/news-calendar/point-grey.aspx", "hectare": 46.71, "googlemapdest": {"lon": -123.197415, "lat": 49.271513}},{"parkid": 224, "name": "Choklit Park", "official": 1, "advisories": "N", "specialfeatures": "N", "facilities": "Y", "washrooms": "N", "streetnumber": "2400", "streetname": "Spruce Street", "ewstreet": "W 7th Avenue", "nsstreet": "Spruce Street", "neighbourhoodname": "Fairview", "neighbourhoodurl": "https://vancouver.ca/news-calendar/fairview.aspx", "hectare": 0.07, "googlemapdest": {"lon": -123.128905, "lat": 49.265482}},{"parkid": 225, "name": "George Wainborn Park", "official": 1, "advisories": "N", "specialfeatures": "Y", "facilities": "N", "washrooms": "N", "streetnumber": "450", "streetname": "Beach Crescent", "ewstreet": "Beach Crescent", "nsstreet": null, "neighbourhoodname": "Downtown", "neighbourhoodurl": "https://vancouver.ca/news-calendar/downtown.aspx", "hectare": 2.49, "googlemapdest": {"lon": -123.129311, "lat": 49.272541}},{"parkid": 231, "name": "Camosun", "official": 0, "advisories": "N", "specialfeatures": "N", "facilities": "N", "washrooms": "N", "streetnumber": "4102", "streetname": "W 16th Avenue", "ewstreet": "W 16th Avenue", "nsstreet": "Discovery Street", "neighbourhoodname": "Dunbar-Southlands", "neighbourhoodurl": "https://vancouver.ca/news-calendar/dunbar-southlands.aspx", "hectare": 0.0, "googlemapdest": {"lon": -123.201329, "lat": 49.257423}},{"parkid": 233, "name": "Arbutus Greenway Park", "official": 1, "advisories": "N", "specialfeatures": "N", "facilities": "N", "washrooms": "N", "streetnumber": "2205", "streetname": "W11th Avenue", "ewstreet": "W 11th Avenue", "nsstreet": "Arbutus Street", "neighbourhoodname": "Kitsilano", "neighbourhoodurl": "https://vancouver.ca/news-calendar/kitsilano.aspx", "hectare": 1.08, "googlemapdest": {"lon": -123.154927, "lat": 49.262283}},{"parkid": 237, "name": "Yaletown Park", "official": 1, "advisories": "N", "specialfeatures": "N", "facilities": "N", "washrooms": "N", "streetnumber": "901", "streetname": "Mainland Street", "ewstreet": "Mainland Street", "nsstreet": "Nelson Street", "neighbourhoodname": "Downtown", "neighbourhoodurl": "https://vancouver.ca/news-calendar/downtown.aspx", "hectare": 0.17, "googlemapdest": {"lon": -123.118921, "lat": 49.277042}},{"parkid": 244, "name": "Fraser River Trail", "official": 1, "advisories": "N", "specialfeatures": "N", "facilities": "N", "washrooms": "N", "streetnumber": "9149", "streetname": "Hudson Street", "ewstreet": "SW Marine Drive", "nsstreet": "Hudson Street", "neighbourhoodname": "Marpole", "neighbourhoodurl": "https://vancouver.ca/news-calendar/marpole.aspx", "hectare": 0.35, "googlemapdest": {"lon": -123.135862, "lat": 49.200357}},{"parkid": 245, "name": "Trillium Park", "official": 0, "advisories": "N", "specialfeatures": "N", "facilities": "Y", "washrooms": "Y", "streetnumber": "600", "streetname": "National Avenue", "ewstreet": "National Avenue", "nsstreet": "Thornton Street", "neighbourhoodname": "Strathcona", "neighbourhoodurl": "https://vancouver.ca/news-calendar/strathcona.aspx", "hectare": 3.05, "googlemapdest": {"lon": -123.093116, "lat": 49.275015}}]