Question,Answer
"I am an international student in Canada. How can I apply to become a permanent resident?(""https://ircc.canada.ca/english/helpcentre/answer.asp?qnum=514&top=15"")","There are several permanent resident categories that you may fit into, including the Canadian Experience Class, the Federal Skilled Worker Program, and the Provincial Nominee Program(""https://www.canada.ca/en/immigration-refugees-citizenship/services/immigrate-canada/provincial-nominees/eligibility.html"").
Some of those categories require eligible Canadian work experience. If you want to work in Canada after you graduate from your studies, you must apply for a work permit under the Post-Graduation Work Permit Program(""https://www.canada.ca/en/immigration-refugees-citizenship/services/study-canada/work/after-graduation.html"").
NOTE: Completing an Express Entry profile is the first step to immigrate to Canada permanently as a skilled worker. Completing an Express Entry profile does not guarantee that you will receive an Invitation to Apply for permanent residence. An Invitation to Apply for permanent residence will be based on your score and rank in the Express Entry pool using the Comprehensive Ranking System(""https://www.canada.ca/en/immigration-refugees-citizenship/services/immigrate-canada/express-entry/eligibility/criteria-comprehensive-ranking-system.html"")."
"What does it mean to have legal status in Canada?(""https://ircc.canada.ca/english/helpcentre/answer.asp?qnum=515&top=15"")","Having legal status means you are authorized to enter and remain in Canada as a temporary or permanent resident under the Immigration and Refugee Protection Act, as a Canadian citizen under the Citizenship Act or as a Registered Indian under the Indian Act(""http://laws-lois.justice.gc.ca/eng/acts/I-5""). Temporary resident status is valid for a specific period of time and you must ensure that your status as a temporary resident remains valid while you are in Canada."
"How do I know how long I can stay in Canada as an international student?(""https://ircc.canada.ca/english/helpcentre/answer.asp?qnum=516&top=15"")","Your immigration document (a study permit or a stamp in your passport) will state how long you can stay in Canada. If you need or want to stay longer in Canada, please go to Visa and Immigration Applications(""https://www.canada.ca/en/immigration-refugees-citizenship/services/application/application-forms-guides.html#inside"") to apply for an extension."
"How long can I stay in Canada while waiting for permanent residence?(""https://ircc.canada.ca/english/helpcentre/answer.asp?qnum=517&top=15"")","You can stay in Canada while waiting for your permanent residence as long as you maintain legal status. Temporary resident status is valid for a specific period of time and you must ensure that your status as a temporary resident remains valid while you are in Canada. Find out more about extending your stay(""https://www.canada.ca/en/immigration-refugees-citizenship/services/visit-canada/extend-stay.html"")."
"How can I extend my stay in Canada or change my immigration status?(""https://ircc.canada.ca/english/helpcentre/answer.asp?qnum=518&top=15"")","To change your immigration status—from full-time student to full-time worker, for example—or to extend your stay in Canada, you must submit an application(""https://www.canada.ca/en/immigration-refugees-citizenship/services/application/application-forms-guides/application-apply-work-permit-student-guide.html"")."
"I recently graduated as an international student in Canada. Can I apply for permanent residence?(""https://ircc.canada.ca/english/helpcentre/answer.asp?qnum=519&top=15"")","As a recent graduate, you may qualify for the Canadian Experience Class(""https://www.canada.ca/en/immigration-refugees-citizenship/services/immigrate-canada/express-entry/eligibility/canadian-experience-class.html"") Program. You must meet all of the following requirements.
You plan to live outside the province of Quebec(""http://www.immigration-quebec.gouv.qc.ca/en/index.html"").
You have at least 12 months of full-time (or an equal amount in part-time) in an occupation at NOC TEER 0, 1, 2 or 3 in Canada in the three years before you apply,
You have gained your experience while working legally in Canada after you graduated,
You meet the required language levels(""https://www.canada.ca/en/immigration-refugees-citizenship/services/immigrate-canada/express-entry/documents/language-requirements.html"") needed for your job for each language ability (speaking, reading, writing, and listening).
You must have gained your work experience after you have graduated. You cannot include work you did while you were a student. You do not have to be working when you apply.
You may also qualify for other permanent residence programs. If you would like to assess your qualifications to determine which immigration programs you may qualify under, please use the Come to Canada tool(""https://www.canada.ca/en/immigration-refugees-citizenship/services/come-canada-tool-immigration-express-entry.html"").
NOTE: Completing an Express Entry profile is the first step to immigrate to Canada permanently as a skilled worker. Completing an Express Entry profile does not guarantee that you will receive an Invitation to Apply for permanent residence. An Invitation to Apply for permanent residence will be based on your score and rank in the Express Entry pool using the Comprehensive Ranking System(""https://www.canada.ca/en/immigration-refugees-citizenship/services/immigrate-canada/express-entry/eligibility/criteria-comprehensive-ranking-system.html"")."
